Workbook

Sheet Model v1.19.31
B2: This overview will not be maintained with the new fields, but it is kept for its overview value
B3: Design Table (DE) | F3: Sampling Details (SD) | J3: Vessel Selection (VS) | N3: Fishing Trip (FT) | R3: Fishing Operation (FO) | V3: Species Selection (SS) | Z3: Sample (SA) | AD3: Frequency Measure (FM) | AH3: Biological Variable (BV)
A4: =IF(ISBLANK(Design!A2)=TRUE, Design!B2, "") | B4: =IF(ISBLANK(Design!A2)=TRUE, Design!F2, "") | C4: =IF(ISBLANK(Design!A2)=TRUE, Design!M2, "") | E4: =IF(ISBLANK('Sampling Details'!A2)=TRUE, 'Sampling Details'!B2, "") | F4: =IF(ISBLANK('Sampling Details'!A2)=TRUE, 'Sampling Details'!F2, "") | G4: =IF(ISBLANK('Sampling Details'!A2)=TRUE, 'Sampling Details'!M2, "") | I4: =IF(ISBLANK('Vessel Selection'!A2)=TRUE, 'Vessel Selection'!B2, "") | J4: =IF(ISBLANK('Vessel Selection'!A2)=TRUE, 'Vessel Selection'!F2, "") | K4: =IF(ISBLANK('Vessel Selection'!A2)=TRUE, 'Vessel Selection'!M2, "") | N4: =IF(ISBLANK('Fishing Trip'!A2)=TRUE, 'Fishing Trip'!F2, "") | O4: =IF(ISBLANK('Fishing Trip'!A2)=TRUE, 'Fishing Trip'!M2, "") | Q4: =IF(ISBLANK('Fishing Operation'!A2)=TRUE, 'Fishing Operation'!B2, "") | R4: =IF(ISBLANK('Fishing Operation'!A2)=TRUE, 'Fishing Operation'!F2, "") | S4: =IF(ISBLANK('Fishing Operation'!A2)=TRUE, 'Fishing Operation'!M2, "") | U4: =IF(ISBLANK('Species Selection'!A2)=TRUE, 'Species Selection'!B2, "") | V4: =IF(ISBLANK('Species Selection'!A2)=TRUE,'Species Selection'!F2, "") | W4: =IF(ISBLANK('Species Selection'!A2)=TRUE,'Species Selection'!M2, "") | Y4: =IF(ISBLANK(Sample!A2)=TRUE, Sample!B2, "") | Z4: =IF(ISBLANK(Sample!A2)=TRUE, Sample!F2, "") | AA4: =IF(ISBLANK(Sample!A2)=TRUE, Sample!M2, "") | AC4: =IF(ISBLANK('Frequency Measure'!A2)=TRUE, 'Frequency Measure'!B2, "") | AD4: =IF(ISBLANK('Frequency Measure'!A2)=TRUE, 'Frequency Measure'!F2, "") | AE4: =IF(ISBLANK('Frequency Measure'!A2)=TRUE, 'Frequency Measure'!M2, "") | AG4: =IF(ISBLANK('Biological Variable'!A2)=TRUE, 'Biological Variable'!B2, "") | AH4: =IF(ISBLANK('Biological Variable'!A2)=TRUE, 'Biological Variable'!F2, "") | AI4: =IF(ISBLANK('Biological Variable'!A2)=TRUE, 'Biological Variable'!M2, "")
A5: =IF(ISBLANK(Design!A3)=TRUE, Design!B3, "") -> 0 | B5: =IF(ISBLANK(Design!A3)=TRUE, Design!F3, "") -> DErecordType | C5: =IF(ISBLANK(Design!A3)=TRUE, Design!M3, "") -> Fixed value ('DE') | E5: =IF(ISBLANK('Sampling Details'!A3)=TRUE, 'Sampling Details'!B3, "") | F5: =IF(ISBLANK('Sampling Details'!A3)=TRUE, 'Sampling Details'!F3, "") | G5: =IF(ISBLANK('Sampling Details'!A3)=TRUE, 'Sampling Details'!M3, "") | I5: =IF(ISBLANK('Vessel Selection'!A3)=TRUE, 'Vessel Selection'!B3, "") | J5: =IF(ISBLANK('Vessel Selection'!A3)=TRUE, 'Vessel Selection'!F3, "") | K5: =IF(ISBLANK('Vessel Selection'!A3)=TRUE, 'Vessel Selection'!M3, "") | N5: =IF(ISBLANK('Fishing Trip'!A3)=TRUE, 'Fishing Trip'!F3, "") | O5: =IF(ISBLANK('Fishing Trip'!A3)=TRUE, 'Fishing Trip'!M3, "") | Q5: =IF(ISBLANK('Fishing Operation'!A3)=TRUE, 'Fishing Operation'!B3, "") | R5: =IF(ISBLANK('Fishing Operation'!A3)=TRUE, 'Fishing Operation'!F3, "") | S5: =IF(ISBLANK('Fishing Operation'!A3)=TRUE, 'Fishing Operation'!M3, "") | U5: =IF(ISBLANK('Species Selection'!A3)=TRUE, 'Species Selection'!B3, "") | V5: =IF(ISBLANK('Species Selection'!A3)=TRUE,'Species Selection'!F3, "") | W5: =IF(ISBLANK('Species Selection'!A3)=TRUE,'Species Selection'!M3, "") | Y5: =IF(ISBLANK(Sample!#REF!)=TRUE, Sample!#REF!, "") | Z5: =IF(ISBLANK(Sample!#REF!)=TRUE, Sample!#REF!, "") | AA5: =IF(ISBLANK(Sample!#REF!)=TRUE, Sample!#REF!, "") | AC5: =IF(ISBLANK('Frequency Measure'!A3)=TRUE, 'Frequency Measure'!B3, "") | AD5: =IF(ISBLANK('Frequency Measure'!A3)=TRUE, 'Frequency Measure'!F3, "") | AE5: =IF(ISBLANK('Frequency Measure'!A3)=TRUE, 'Frequency Measure'!M3, "") | AG5: =IF(ISBLANK('Biological Variable'!A3)=TRUE, 'Biological Variable'!B3, "") | AH5: =IF(ISBLANK('Biological Variable'!A3)=TRUE, 'Biological Variable'!F3, "") | AI5: =IF(ISBLANK('Biological Variable'!A3)=TRUE, 'Biological Variable'!M3, "")
A6: =IF(ISBLANK(Design!A4)=TRUE, Design!B4, "") -> 0 | B6: =IF(ISBLANK(Design!A4)=TRUE, Design!F4, "") -> DEsamplingScheme | C6: =IF(ISBLANK(Design!A4)=TRUE, Design!M4, "") -> Sampling Scheme Name | E6: =IF(ISBLANK('Sampling Details'!A4)=TRUE, 'Sampling Details'!B4, "") -> 0 | F6: =IF(ISBLANK('Sampling Details'!A4)=TRUE, 'Sampling Details'!F4, "") -> SDrecordType | G6: =IF(ISBLANK('Sampling Details'!A4)=TRUE, 'Sampling Details'!M4, "") -> Fixed value ('SD') | I6: =IF(ISBLANK('Vessel Selection'!A4)=TRUE, 'Vessel Selection'!B4, "") | J6: =IF(ISBLANK('Vessel Selection'!A4)=TRUE, 'Vessel Selection'!F4, "") | K6: =IF(ISBLANK('Vessel Selection'!A4)=TRUE, 'Vessel Selection'!M4, "") | N6: =IF(ISBLANK('Fishing Trip'!A4)=TRUE, 'Fishing Trip'!F4, "") | O6: =IF(ISBLANK('Fishing Trip'!A4)=TRUE, 'Fishing Trip'!M4, "") | Q6: =IF(ISBLANK('Fishing Operation'!A5)=TRUE, 'Fishing Operation'!B5, "") -> 0 | R6: =IF(ISBLANK('Fishing Operation'!A4)=TRUE, 'Fishing Operation'!F4, "") | S6: =IF(ISBLANK('Fishing Operation'!A4)=TRUE, 'Fishing Operation'!M4, "") | U6: =IF(ISBLANK('Species Selection'!A7)=TRUE, 'Species Selection'!B7, "") | V6: =IF(ISBLANK('Species Selection'!A7)=TRUE,'Species Selection'!F7, "") | W6: =IF(ISBLANK('Species Selection'!A7)=TRUE,'Species Selection'!M7, "") | Y6: =IF(ISBLANK(Sample!A3)=TRUE, Sample!B3, "") | Z6: =IF(ISBLANK(Sample!A3)=TRUE, Sample!F3, "") | AA6: =IF(ISBLANK(Sample!A3)=TRUE, Sample!M3, "") | AC6: =IF(ISBLANK('Frequency Measure'!A4)=TRUE, 'Frequency Measure'!B4, "") -> 0 | AD6: =IF(ISBLANK('Frequency Measure'!A4)=TRUE, 'Frequency Measure'!F4, "") -> FMrecordType | AE6: =IF(ISBLANK('Frequency Measure'!A4)=TRUE, 'Frequency Measure'!M4, "") -> Fixed value ('FM') | AG6: =IF(ISBLANK('Biological Variable'!A4)=TRUE, 'Biological Variable'!B4, "") | AH6: =IF(ISBLANK('Biological Variable'!A4)=TRUE, 'Biological Variable'!F4, "") | AI6: =IF(ISBLANK('Biological Variable'!A4)=TRUE, 'Biological Variable'!M4, "")
A7: =IF(ISBLANK(Design!A6)=TRUE, Design!B6, "") -> 0 | B7: =IF(ISBLANK(Design!A5)=TRUE, Design!F5, "") -> DEsamplingSchemeType | C7: =IF(ISBLANK(Design!A5)=TRUE, Design!M5, "") -> Sampling scheme type code list: 'Regional Routine', 'Regional Pilot', 'National Routine', 'National Pilot'. | E7: =IF(ISBLANK('Sampling Details'!A5)=TRUE, 'Sampling Details'!B5, "") -> 0 | F7: =IF(ISBLANK('Sampling Details'!A5)=TRUE, 'Sampling Details'!F5, "") -> SDcountry | G7: =IF(ISBLANK('Sampling Details'!A5)=TRUE, 'Sampling Details'!M5, "") -> Sampling Country | I7: =IF(ISBLANK('Vessel Selection'!A5)=TRUE, 'Vessel Selection'!B5, "") | J7: =IF(ISBLANK('Vessel Selection'!A5)=TRUE, 'Vessel Selection'!F5, "") | K7: =IF(ISBLANK('Vessel Selection'!A5)=TRUE, 'Vessel Selection'!M5, "") | N7: =IF(ISBLANK('Fishing Trip'!A5)=TRUE, 'Fishing Trip'!F5, "") | O7: =IF(ISBLANK('Fishing Trip'!A5)=TRUE, 'Fishing Trip'!M5, "") | Q7: =IF(ISBLANK('Fishing Operation'!#REF!)=TRUE, 'Fishing Operation'!#REF!, "") | R7: =IF(ISBLANK('Fishing Operation'!A5)=TRUE, 'Fishing Operation'!F5, "") -> FOrecordType | S7: =IF(ISBLANK('Fishing Operation'!A5)=TRUE, 'Fishing Operation'!M5, "") -> Fixed value ('FO') | U7: =IF(ISBLANK('Species Selection'!A9)=TRUE, 'Species Selection'!B9, "") -> 0 | V7: =IF(ISBLANK('Species Selection'!A8)=TRUE,'Species Selection'!F8, "") | W7: =IF(ISBLANK('Species Selection'!A8)=TRUE,'Species Selection'!M8, "") | Y7: =IF(ISBLANK(Sample!A4)=TRUE, Sample!B4, "") -> 0 | Z7: =IF(ISBLANK(Sample!A4)=TRUE, Sample!F4, "") -> SArecordType | AA7: =IF(ISBLANK(Sample!A4)=TRUE, Sample!M4, "") -> Fixed value ('SA') | AC7: =IF(ISBLANK('Frequency Measure'!A7)=TRUE, 'Frequency Measure'!B7, "") -> 0 | AD7: =IF(ISBLANK('Frequency Measure'!A7)=TRUE, 'Frequency Measure'!F7, "") -> FMclassMeasured | AE7: =IF(ISBLANK('Frequency Measure'!A7)=TRUE, 'Frequency Measure'!M7, "") -> The length in mm or weight in g with no decimal. | AG7: =IF(ISBLANK('Biological Variable'!A5)=TRUE, 'Biological Variable'!B5, "") -> 0 | AH7: =IF(ISBLANK('Biological Variable'!A5)=TRUE, 'Biological Variable'!F5, "") -> BVrecordType | AI7: =IF(ISBLANK('Biological Variable'!A5)=TRUE, 'Biological Variable'!M5, "") -> Fixed value ('BV')
A8: =IF(ISBLANK(Design!A7)=TRUE, Design!B7, "") -> 0 | B8: =IF(ISBLANK(Design!A6)=TRUE, Design!F6, "") -> DEyear | C8: =IF(ISBLANK(Design!A6)=TRUE, Design!M6, "") -> Year of sampling | E8: =IF(ISBLANK('Sampling Details'!A6)=TRUE, 'Sampling Details'!B6, "") -> 0 | F8: =IF(ISBLANK('Sampling Details'!A6)=TRUE, 'Sampling Details'!F6, "") -> SDinstitution | G8: =IF(ISBLANK('Sampling Details'!A6)=TRUE, 'Sampling Details'!M6, "") -> Sampling Institute | I8: =IF(ISBLANK('Vessel Selection'!A6)=TRUE, 'Vessel Selection'!B6, "") -> 0 | J8: =IF(ISBLANK('Vessel Selection'!A6)=TRUE, 'Vessel Selection'!F6, "") -> VSrecordType | K8: =IF(ISBLANK('Vessel Selection'!A6)=TRUE, 'Vessel Selection'!M6, "") -> Fixed value ('VS') | N8: =IF(ISBLANK('Fishing Trip'!A6)=TRUE, 'Fishing Trip'!F6, "") | O8: =IF(ISBLANK('Fishing Trip'!A6)=TRUE, 'Fishing Trip'!M6, "") | Q8: =IF(ISBLANK('Fishing Operation'!A8)=TRUE, 'Fishing Operation'!B8, "") -> 0 | R8: =IF(ISBLANK('Fishing Operation'!A6)=TRUE, 'Fishing Operation'!F6, "") -> FOstratification | S8: =IF(ISBLANK('Fishing Operation'!A6)=TRUE, 'Fishing Operation'!M6, "") -> Indicator of presence ("Y") or absence ("N") of stratification of units in that level of the sampling hierarchy | U8: =IF(ISBLANK('Species Selection'!A11)=TRUE, 'Species Selection'!B11, "") -> 0 | V8: =IF(ISBLANK('Species Selection'!A9)=TRUE,'Species Selection'!F9, "") -> SSrecordType | W8: =IF(ISBLANK('Species Selection'!A9)=TRUE,'Species Selection'!M9, "") -> Fixed value ('SS') | Y8: =IF(ISBLANK(Sample!#REF!)=TRUE, Sample!#REF!, "") | Z8: =IF(ISBLANK(Sample!#REF!)=TRUE, Sample!#REF!, "") | AA8: =IF(ISBLANK(Sample!#REF!)=TRUE, Sample!#REF!, "") | AC8: =IF(ISBLANK('Frequency Measure'!A8)=TRUE, 'Frequency Measure'!B8, "") -> 0 | AD8: =IF(ISBLANK('Frequency Measure'!A8)=TRUE, 'Frequency Measure'!F8, "") -> FMnumberAtUnit | AE8: =IF(ISBLANK('Frequency Measure'!A8)=TRUE, 'Frequency Measure'!M8, "") -> Number of individuals. | AG8: =IF(ISBLANK('Biological Variable'!A6)=TRUE, 'Biological Variable'!B6, "") -> 0 | AH8: =IF(ISBLANK('Biological Variable'!A6)=TRUE, 'Biological Variable'!F6, "") -> BVnationalUniqueFishId | AI8: =IF(ISBLANK('Biological Variable'!A6)=TRUE, 'Biological Variable'!M6, "") -> National numbering system of the individual fish.
A9: =IF(ISBLANK(Design!A9)=TRUE, Design!B9, "") -> 0 | B9: =IF(ISBLANK(Design!A7)=TRUE, Design!F7, "") -> DEstratumName | C9: =IF(ISBLANK(Design!A7)=TRUE, Design!M7, "") -> Sampling frame stratum. | E9: =IF(ISBLANK('Sampling Details'!A7)=TRUE, 'Sampling Details'!B7, "") -> 0 | F9: =IF(ISBLANK('Sampling Details'!A7)=TRUE, 'Sampling Details'!F7, "") -> 0 | G9: =IF(ISBLANK('Sampling Details'!A7)=TRUE, 'Sampling Details'!M7, "") -> 0 | I9: =IF(ISBLANK('Vessel Selection'!A10)=TRUE, 'Vessel Selection'!B10, "") -> 0 | J9: =IF(ISBLANK('Vessel Selection'!A8)=TRUE, 'Vessel Selection'!F8, "") -> VSencryptedVesselCode | K9: =IF(ISBLANK('Vessel Selection'!A8)=TRUE, 'Vessel Selection'!M8, "") -> Encrypted by the national institute before it is upload. This code it refering to the Encrypted Vessel Identifier field in the Vessel Details. | N9: =IF(ISBLANK('Fishing Trip'!A7)=TRUE, 'Fishing Trip'!F7, "") | O9: =IF(ISBLANK('Fishing Trip'!A7)=TRUE, 'Fishing Trip'!M7, "") | Q9: =IF(ISBLANK('Fishing Operation'!A12)=TRUE, 'Fishing Operation'!B12, "") -> 0 | R9: =IF(ISBLANK('Fishing Operation'!#REF!)=TRUE, 'Fishing Operation'!#REF!, "") | S9: =IF(ISBLANK('Fishing Operation'!#REF!)=TRUE, 'Fishing Operation'!#REF!, "") | U9: =IF(ISBLANK('Species Selection'!A16)=TRUE, 'Species Selection'!B16, "") -> 0 | V9: =IF(ISBLANK('Species Selection'!A11)=TRUE,'Species Selection'!F11, "") -> SSstratification | W9: =IF(ISBLANK('Species Selection'!A11)=TRUE,'Species Selection'!M11, "") -> Indicator of presence ("Y") or absence ("N") of stratification of units in that level of the sampling hierarchy | Y9: =IF(ISBLANK(Sample!A8)=TRUE, Sample!B8, "") -> 0 | Z9: =IF(ISBLANK(Sample!A8)=TRUE, Sample!F8, "") -> SAstratumName | AA9: =IF(ISBLANK(Sample!A8)=TRUE, Sample!M8, "") -> The stratum of this sample, 'U' if unstratified | AC9: =IF(ISBLANK('Frequency Measure'!A9)=TRUE, 'Frequency Measure'!B9, "") -> 0 | AD9: =IF(ISBLANK('Frequency Measure'!A9)=TRUE, 'Frequency Measure'!F9, "") -> FMtypeMeasured | AE9: =IF(ISBLANK('Frequency Measure'!A9)=TRUE, 'Frequency Measure'!M9, "") -> The measurement type of the class. | AG9: =IF(ISBLANK('Biological Variable'!A10)=TRUE, 'Biological Variable'!B10, "") -> 0 | AH9: =IF(ISBLANK('Biological Variable'!A10)=TRUE, 'Biological Variable'!F10, "") -> BVstratumName | AI9: =IF(ISBLANK('Biological Variable'!A10)=TRUE, 'Biological Variable'!M10, "") -> The stratum of this record, 'U' if unstratified
A10: =IF(ISBLANK(Design!A10)=TRUE, Design!B10, "") -> 0 | B10: =IF(ISBLANK(Design!A8)=TRUE, Design!F8, "") -> DEhierarchyCorrect | C10: =IF(ISBLANK(Design!A8)=TRUE, Design!M8, "") -> Was the hierarchy clearly identified? | E10: =IF(ISBLANK('Sampling Details'!A8)=TRUE, 'Sampling Details'!B8, "") -> 0 | F10: =IF(ISBLANK('Sampling Details'!A8)=TRUE, 'Sampling Details'!G8, "") -> 0 | G10: =IF(ISBLANK('Sampling Details'!A8)=TRUE, 'Sampling Details'!M8, "") -> 0 | I10: =IF(ISBLANK('Vessel Selection'!A14)=TRUE, 'Vessel Selection'!B14, "") -> 0 | J10: =IF(ISBLANK('Vessel Selection'!A9)=TRUE, 'Vessel Selection'!F9, "") -> VSstratification | K10: =IF(ISBLANK('Vessel Selection'!A9)=TRUE, 'Vessel Selection'!M9, "") -> Indicator of presence ("Y") or absence ("N") of stratification of units in that level of the sampling hierarchy | N10: =IF(ISBLANK('Fishing Trip'!A8)=TRUE, 'Fishing Trip'!F8, "") | O10: =IF(ISBLANK('Fishing Trip'!A8)=TRUE, 'Fishing Trip'!M8, "") | Q10: =IF(ISBLANK('Fishing Operation'!A13)=TRUE, 'Fishing Operation'!B13, "") -> 0 | R10: =IF(ISBLANK('Fishing Operation'!A8)=TRUE, 'Fishing Operation'!F8, "") -> FOstratumName | S10: =IF(ISBLANK('Fishing Operation'!A8)=TRUE, 'Fishing Operation'!M8, "") -> Name of stratum ('U' for unstratified) | U10: =IF(ISBLANK('Species Selection'!A12)=TRUE, 'Species Selection'!B12, "") -> 0 | V10: =IF(ISBLANK('Species Selection'!A16)=TRUE,'Species Selection'!F16, "") -> SScatchFraction | W10: =IF(ISBLANK('Species Selection'!A16)=TRUE,'Species Selection'!M16, "") -> Registers how the catch is sampled by observers. This is really a strata so e.g., ”catch” and ”lan” cannot be provided for the same haul. Population is given by catchReg in upper table | Y10: =IF(ISBLANK(Sample!#REF!)=TRUE, Sample!#REF!, "") | Z10: =IF(ISBLANK(Sample!A9)=TRUE, Sample!F9, "") -> SAspeciesCode | AA10: =IF(ISBLANK(Sample!A9)=TRUE, Sample!M9, "") -> The Aphiaid code of the specie | AC10: =IF(ISBLANK('Frequency Measure'!A12)=TRUE, 'Frequency Measure'!B12, "") -> 0 | AD10: =IF(ISBLANK('Frequency Measure'!A12)=TRUE, 'Frequency Measure'!F12, "") -> FMaccuracy | AE10: =IF(ISBLANK('Frequency Measure'!A12)=TRUE, 'Frequency Measure'!M12, "") -> Accuracy e.g. "cm" | AG10: =IF(ISBLANK('Biological Variable'!A11)=TRUE, 'Biological Variable'!B11, "") -> 0 | AH10: =IF(ISBLANK('Biological Variable'!A11)=TRUE, 'Biological Variable'!F11, "") -> BVtypeMeasured | AI10: =IF(ISBLANK('Biological Variable'!A11)=TRUE, 'Biological Variable'!M11, "") -> Type of measurment e.g. "Age"
A11: =IF(ISBLANK(Design!A12)=TRUE, Design!B12, "") -> 0 | B11: =IF(ISBLANK(Design!A9)=TRUE, Design!F9, "") -> DEhierarchy | C11: =IF(ISBLANK(Design!A9)=TRUE, Design!M9, "") -> Upper Hierarchy | I11: =IF(ISBLANK('Vessel Selection'!A15)=TRUE, 'Vessel Selection'!B15, "") -> 0 | J11: =IF(ISBLANK('Vessel Selection'!A10)=TRUE, 'Vessel Selection'!F10, "") -> VSstratumName | K11: =IF(ISBLANK('Vessel Selection'!A10)=TRUE, 'Vessel Selection'!M10, "") -> Name of stratum ('U' for unstratified). | N11: =IF(ISBLANK('Fishing Trip'!A9)=TRUE, 'Fishing Trip'!F9, "") -> FTrecordType | O11: =IF(ISBLANK('Fishing Trip'!A9)=TRUE, 'Fishing Trip'!M9, "") -> Fixed value ('FT') | Q11: =IF(ISBLANK('Fishing Operation'!A14)=TRUE, 'Fishing Operation'!B14, "") -> 0 | R11: =IF(ISBLANK('Fishing Operation'!A9)=TRUE, 'Fishing Operation'!F9, "") -> FOclustering | S11: =IF(ISBLANK('Fishing Operation'!A9)=TRUE, 'Fishing Operation'!M9, "") -> Indicator existence and type of cluster sampling of units in that level of the sampling hierarchy | U11: =IF(ISBLANK('Species Selection'!A19)=TRUE, 'Species Selection'!B19, "") -> 0 | V11: =IF(ISBLANK('Species Selection'!A17)=TRUE,'Species Selection'!F17, "") -> SSobservationType | W11: =IF(ISBLANK('Species Selection'!A17)=TRUE,'Species Selection'!M17, "") -> vol = volume, vis = visual. | Y11: =IF(ISBLANK(Sample!A9)=TRUE, Sample!B9, "") -> 0 | Z11: =IF(ISBLANK(Sample!A10)=TRUE, Sample!F10, "") -> SAspeciesCodeFAO | AA11: =IF(ISBLANK(Sample!A10)=TRUE, Sample!M10, "") -> The FAO species code | AC11: =IF(ISBLANK('Frequency Measure'!A7)=TRUE, 'Frequency Measure'!B7, "") -> 0 | AD11: =IF(ISBLANK('Frequency Measure'!A15)=TRUE, 'Frequency Measure'!F15, "") -> FMsampler | AE11: =IF(ISBLANK('Frequency Measure'!A15)=TRUE, 'Frequency Measure'!M15, "") -> Self-sampling, Observer, Control, Electronic Monitoring (EM). In the future potential combinations of e.g. observer and EM | AG11: =IF(ISBLANK('Biological Variable'!A12)=TRUE, 'Biological Variable'!B12, "") -> 0 | AH11: =IF(ISBLANK('Biological Variable'!A12)=TRUE, 'Biological Variable'!F12, "") -> BVvalueMeasured | AI11: =IF(ISBLANK('Biological Variable'!A12)=TRUE, 'Biological Variable'!M12, "") -> Measured value of the Biological variable.
B12: =IF(ISBLANK(Design!A10)=TRUE, Design!F10, "") -> DEsampled | C12: =IF(ISBLANK(Design!A10)=TRUE, Design!M10, "") -> 0 | I12: =IF(ISBLANK('Vessel Selection'!#REF!)=TRUE, 'Vessel Selection'!#REF!, "") | J12: =IF(ISBLANK('Vessel Selection'!A11)=TRUE, 'Vessel Selection'!F11, "") -> VSclustering | K12: =IF(ISBLANK('Vessel Selection'!A11)=TRUE, 'Vessel Selection'!M11, "") -> Indicator existence and type of cluster sampling of units in that level of the sampling hierarchy | N12: =IF(ISBLANK('Fishing Trip'!#REF!)=TRUE, 'Fishing Trip'!#REF!, "") | O12: =IF(ISBLANK('Fishing Trip'!#REF!)=TRUE, 'Fishing Trip'!#REF!, "") | Q12: =IF(ISBLANK('Fishing Operation'!A15)=TRUE, 'Fishing Operation'!B15, "") -> 0 | R12: =IF(ISBLANK('Fishing Operation'!A10)=TRUE, 'Fishing Operation'!F10, "") -> FOclusterName | S12: =IF(ISBLANK('Fishing Operation'!A10)=TRUE, 'Fishing Operation'!M10, "") -> Name or code of the cluster selected for sampling | U12: =IF(ISBLANK('Species Selection'!#REF!)=TRUE, 'Species Selection'!#REF!, "") | V12: =IF(ISBLANK('Species Selection'!A12)=TRUE,'Species Selection'!F12, "") -> SSstratumName | W12: =IF(ISBLANK('Species Selection'!A12)=TRUE,'Species Selection'!M12, "") -> Name of stratum ('U' for unstratified) | Y12: =IF(ISBLANK(Sample!#REF!)=TRUE, Sample!#REF!, "") | Z12: =IF(ISBLANK(Sample!A12)=TRUE, Sample!F12, "") -> SApresentation | AA12: =IF(ISBLANK(Sample!A12)=TRUE, Sample!M12, "") -> Presentation e.g. gutted, whole, headless etc. | AC12: =IF(ISBLANK('Frequency Measure'!#REF!)=TRUE, 'Frequency Measure'!#REF!, "") | AD12: =IF(ISBLANK('Frequency Measure'!A18)=TRUE, 'Frequency Measure'!F18, "") -> 0 | AE12: =IF(ISBLANK('Frequency Measure'!A18)=TRUE, 'Frequency Measure'!M18, "") -> 0 | AG12: =IF(ISBLANK('Biological Variable'!A13)=TRUE, 'Biological Variable'!B13, "") -> 0 | AH12: =IF(ISBLANK('Biological Variable'!A13)=TRUE, 'Biological Variable'!F13, "") -> BVvalueUnitOrScale | AI12: =IF(ISBLANK('Biological Variable'!A13)=TRUE, 'Biological Variable'!M13, "") -> The unit or scale of the measured value
I13: =IF(ISBLANK('Vessel Selection'!A18)=TRUE, 'Vessel Selection'!B18, "") -> 0 | J13: =IF(ISBLANK('Vessel Selection'!A12)=TRUE, 'Vessel Selection'!F12, "") -> VSclusterName | K13: =IF(ISBLANK('Vessel Selection'!A12)=TRUE, 'Vessel Selection'!M12, "") -> Name or code of the cluster selected for sampling | N13: =IF(ISBLANK('Fishing Trip'!A12)=TRUE, 'Fishing Trip'!F12, "") -> FTstratification | O13: =IF(ISBLANK('Fishing Trip'!A12)=TRUE, 'Fishing Trip'!M12, "") -> Indicator of presence ("Y") or absence ("N") of stratification of units in that level of the sampling hierarchy | Q13: =IF(ISBLANK('Fishing Operation'!A16)=TRUE, 'Fishing Operation'!B16, "") -> 0 | R13: =IF(ISBLANK('Fishing Operation'!A11)=TRUE, 'Fishing Operation'!F11, "") -> FOsampler | S13: =IF(ISBLANK('Fishing Operation'!A11)=TRUE, 'Fishing Operation'!M11, "") -> Self-sampling, Observer, Control, Electronic Monitoring (EM). In the future potential combinations of e.g. observer and EM | U13: =IF(ISBLANK('Species Selection'!A24)=TRUE, 'Species Selection'!B24, "") -> 0 | V13: =IF(ISBLANK('Species Selection'!A13)=TRUE,'Species Selection'!F13, "") -> SSclustering | W13: =IF(ISBLANK('Species Selection'!A13)=TRUE,'Species Selection'!M13, "") -> Indicator existence and type of cluster sampling of units in that level of the sampling hierarchy | Y13: =IF(ISBLANK(Sample!A12)=TRUE, Sample!B12, "") -> 0 | Z13: =IF(ISBLANK(Sample!A14)=TRUE, Sample!F14, "") -> SAcatchCategory | AA13: =IF(ISBLANK(Sample!A14)=TRUE, Sample!M14, "") -> Catch' = catch, 'Dis' = discard, 'Lan' = landing, 'BMS' = Below Minimum reference Size | AC13: =IF(ISBLANK('Frequency Measure'!A8)=TRUE, 'Frequency Measure'!B8, "") -> 0 | AD13: =IF(ISBLANK('Frequency Measure'!A19)=TRUE, 'Frequency Measure'!F19, "") -> 0 | AE13: =IF(ISBLANK('Frequency Measure'!A19)=TRUE, 'Frequency Measure'!M19, "") -> 0 | AG13: =IF(ISBLANK('Biological Variable'!#REF!)=TRUE, 'Biological Variable'!#REF!, "") | AH13: =IF(ISBLANK('Biological Variable'!#REF!)=TRUE, 'Biological Variable'!#REF!, "") | AI13: =IF(ISBLANK('Biological Variable'!#REF!)=TRUE, 'Biological Variable'!#REF!, "")
I14: =IF(ISBLANK('Vessel Selection'!#REF!)=TRUE, 'Vessel Selection'!#REF!, "") | J14: =IF(ISBLANK('Vessel Selection'!A13)=TRUE, 'Vessel Selection'!F13, "") -> VSsampler | K14: =IF(ISBLANK('Vessel Selection'!A13)=TRUE, 'Vessel Selection'!M13, "") -> Self-sampling, Observer, Control, Electronic Monitoring (EM). In the future potential combinations of e.g. observer and EM | N14: =IF(ISBLANK('Fishing Trip'!A13)=TRUE, 'Fishing Trip'!F13, "") -> FTstratumName | O14: =IF(ISBLANK('Fishing Trip'!A13)=TRUE, 'Fishing Trip'!M13, "") -> Name of stratum ('U' for unstratified) | Q14: =IF(ISBLANK('Fishing Operation'!A17)=TRUE, 'Fishing Operation'!B17, "") -> 0 | R14: =IF(ISBLANK('Fishing Operation'!A12)=TRUE, 'Fishing Operation'!F12, "") -> FOaggregationLevel | S14: =IF(ISBLANK('Fishing Operation'!A12)=TRUE, 'Fishing Operation'!M12, "") -> Aggrgation level (H=haul. T=trip) | U14: =IF(ISBLANK('Species Selection'!A26)=TRUE, 'Species Selection'!B26, "") -> 0 | V14: =IF(ISBLANK('Species Selection'!A14)=TRUE,'Species Selection'!F14, "") -> SSclusterName | W14: =IF(ISBLANK('Species Selection'!A14)=TRUE,'Species Selection'!M14, "") -> Name or code of the cluster selected for sampling | Y14: =IF(ISBLANK(Sample!A14)=TRUE, Sample!B14, "") -> 0 | Z14: =IF(ISBLANK(Sample!A15)=TRUE, Sample!F15, "") -> SAlandingCategory | AA14: =IF(ISBLANK(Sample!A15)=TRUE, Sample!M15, "") -> The intended usage at the time of landing. | AC14: =IF(ISBLANK('Frequency Measure'!A9)=TRUE, 'Frequency Measure'!B9, "") -> 0 | AG14: =IF(ISBLANK('Biological Variable'!#REF!)=TRUE, 'Biological Variable'!#REF!, "") | AH14: =IF(ISBLANK('Biological Variable'!#REF!)=TRUE, 'Biological Variable'!#REF!, "") | AI14: =IF(ISBLANK('Biological Variable'!#REF!)=TRUE, 'Biological Variable'!#REF!, "")
I15: =IF(ISBLANK('Vessel Selection'!#REF!)=TRUE, 'Vessel Selection'!#REF!, "") | J15: =IF(ISBLANK('Vessel Selection'!A14)=TRUE, 'Vessel Selection'!F14, "") -> VSnumberTotal | K15: =IF(ISBLANK('Vessel Selection'!A14)=TRUE, 'Vessel Selection'!M14, "") -> Total number of unique vessels in this stratum/cluster. | N15: =IF(ISBLANK('Fishing Trip'!A14)=TRUE, 'Fishing Trip'!F14, "") -> FTclustering | O15: =IF(ISBLANK('Fishing Trip'!A14)=TRUE, 'Fishing Trip'!M14, "") -> Indicator existence and type of cluster sampling of units in that level of the sampling hierarchy | Q15: =IF(ISBLANK('Fishing Operation'!A18)=TRUE, 'Fishing Operation'!B18, "") -> 0 | R15: =IF(ISBLANK('Fishing Operation'!A13)=TRUE, 'Fishing Operation'!F13, "") -> FOvalidity | S15: =IF(ISBLANK('Fishing Operation'!A13)=TRUE, 'Fishing Operation'!M13, "") -> Haul validity | U15: =IF(ISBLANK('Species Selection'!A29)=TRUE, 'Species Selection'!B29, "") -> 0 | V15: =IF(ISBLANK('Species Selection'!A18)=TRUE,'Species Selection'!F18, "") -> SSsampler | W15: =IF(ISBLANK('Species Selection'!A18)=TRUE,'Species Selection'!M18, "") -> Self-sampling, Observer, Control, Electronic Monitoring (EM). In the future potential combinations of e.g. observer and EM | Y15: =IF(ISBLANK(Sample!A15)=TRUE, Sample!B15, "") -> 0 | Z15: =IF(ISBLANK(Sample!A16)=TRUE, Sample!F16, "") -> SAcommSizeCatScale | AA15: =IF(ISBLANK(Sample!A16)=TRUE, Sample!M16, "") -> Commercial sorting scale code | AC15: =IF(ISBLANK('Frequency Measure'!A12)=TRUE, 'Frequency Measure'!B12, "") -> 0 | AG15: =IF(ISBLANK('Biological Variable'!A21)=TRUE, 'Biological Variable'!B21, "") -> 0 | AH15: =IF(ISBLANK('Biological Variable'!A21)=TRUE, 'Biological Variable'!F21, "") -> BVnumberTotal | AI15: =IF(ISBLANK('Biological Variable'!A21)=TRUE, 'Biological Variable'!M21, "") -> Total number of fish in this stratum
J16: =IF(ISBLANK('Vessel Selection'!A15)=TRUE, 'Vessel Selection'!F15, "") -> VSnumberSampled | K16: =IF(ISBLANK('Vessel Selection'!A15)=TRUE, 'Vessel Selection'!M15, "") -> The number of times vessels was sampled in this stratum/cluster (not necessarily unique vessels, the same vessel could be sampled multiple times) . If 3 samples was made and one vessel was selected twice, the number of vessels sampled is 3. | N16: =IF(ISBLANK('Fishing Trip'!A15)=TRUE, 'Fishing Trip'!F15, "") -> FTclusterName | O16: =IF(ISBLANK('Fishing Trip'!A15)=TRUE, 'Fishing Trip'!M15, "") -> Name or code of the cluster selected for sampling | Q16: =IF(ISBLANK('Fishing Operation'!A19)=TRUE, 'Fishing Operation'!B19, "") -> 0 | R16: =IF(ISBLANK('Fishing Operation'!A14)=TRUE, 'Fishing Operation'!F14, "") -> FOcatchReg | S16: =IF(ISBLANK('Fishing Operation'!A14)=TRUE, 'Fishing Operation'!M14, "") -> Registers what components of catch are expected in the species selection table options | V16: =IF(ISBLANK('Species Selection'!A19)=TRUE,'Species Selection'!F19, "") -> SSspeciesListName | W16: =IF(ISBLANK('Species Selection'!A19)=TRUE,'Species Selection'!M19, "") -> National name of the species list | Y16: =IF(ISBLANK(Sample!A16)=TRUE, Sample!B16, "") -> 0 | Z16: =IF(ISBLANK(Sample!A17)=TRUE, Sample!F17, "") -> SAcommSizeCat | AA16: =IF(ISBLANK(Sample!A17)=TRUE, Sample!M17, "") -> Commercial sorting category | AC16: =IF(ISBLANK('Frequency Measure'!#REF!)=TRUE, 'Frequency Measure'!#REF!, "") | AG16: =IF(ISBLANK('Biological Variable'!A22)=TRUE, 'Biological Variable'!B22, "") -> 0 | AH16: =IF(ISBLANK('Biological Variable'!A22)=TRUE, 'Biological Variable'!F22, "") -> BVnumberSampled | AI16: =IF(ISBLANK('Biological Variable'!A22)=TRUE, 'Biological Variable'!M22, "") -> The number of fish measured in this stratum
I17: =IF(ISBLANK('Temporal Event'!A2)=TRUE, 'Temporal Event'!B2, "") | J17: =IF(ISBLANK('Vessel Selection'!#REF!)=TRUE, 'Vessel Selection'!#REF!, "") | K17: =IF(ISBLANK('Vessel Selection'!#REF!)=TRUE, 'Vessel Selection'!#REF!, "") | N17: =IF(ISBLANK('Fishing Trip'!A16)=TRUE, 'Fishing Trip'!F16, "") -> FTsampler | O17: =IF(ISBLANK('Fishing Trip'!A16)=TRUE, 'Fishing Trip'!M16, "") -> Self-sampling, Observer, Control, Electronic Monitoring (EM). In the future potential combinations of e.g. observer and EM | Q17: =IF(ISBLANK('Fishing Operation'!A23)=TRUE, 'Fishing Operation'!B23, "") -> 0 | R17: =IF(ISBLANK('Fishing Operation'!A15)=TRUE, 'Fishing Operation'!F15, "") -> FOstartDate | S17: =IF(ISBLANK('Fishing Operation'!A15)=TRUE, 'Fishing Operation'!M15, "") -> Date when of the gear start. "YYYY-MM-DD" (UTC). date of shooting (active) or last setting (passive) of the gear. | V17: =IF(ISBLANK('Species Selection'!A24)=TRUE,'Species Selection'!F24, "") -> SSnumberTotal | W17: =IF(ISBLANK('Species Selection'!A24)=TRUE,'Species Selection'!M24, "") -> Number of species from the list that are present in the strata*fraction | Y17: =IF(ISBLANK(Sample!A17)=TRUE, Sample!B17, "") -> 0 | Z17: =IF(ISBLANK(Sample!A18)=TRUE, Sample!F18, "") -> SAsex | AA17: =IF(ISBLANK(Sample!A18)=TRUE, Sample!M18, "") -> Sex | AC17: =IF(ISBLANK('Frequency Measure'!#REF!)=TRUE, 'Frequency Measure'!#REF!, "") | AG17: =IF(ISBLANK('Biological Variable'!#REF!)=TRUE, 'Biological Variable'!#REF!, "") | AH17: =IF(ISBLANK('Biological Variable'!#REF!)=TRUE, 'Biological Variable'!#REF!, "") | AI17: =IF(ISBLANK('Biological Variable'!#REF!)=TRUE, 'Biological Variable'!#REF!, "")
I18: =IF(ISBLANK('Temporal Event'!A3)=TRUE, 'Temporal Event'!B3, "") | J18: =IF(ISBLANK('Vessel Selection'!A18)=TRUE, 'Vessel Selection'!F18, "") -> VSselectionMethod | K18: =IF(ISBLANK('Vessel Selection'!A18)=TRUE, 'Vessel Selection'!M18, "") -> The method of selecting vessels for sampling | N18: =IF(ISBLANK('Fishing Trip'!A18)=TRUE, 'Fishing Trip'!F18, "") -> FTnumberOfHaulsOrSets | O18: =IF(ISBLANK('Fishing Trip'!A18)=TRUE, 'Fishing Trip'!M18, "") -> Number of hauls/sets taken during the trip. Mandatory when FTsampler == "Observer” and FTsamplingType == “at-sea”. | Q18: =IF(ISBLANK('Fishing Operation'!A24)=TRUE, 'Fishing Operation'!B24, "") -> 0 | R18: =IF(ISBLANK('Fishing Operation'!A16)=TRUE, 'Fishing Operation'!F16, "") -> FOstartTime | S18: =IF(ISBLANK('Fishing Operation'!A16)=TRUE, 'Fishing Operation'!M16, "") -> Time when of the gear start. "HH:MM"… in UTC. Time of shooting (active) or last setting (passive) of the gear- | V18: =IF(ISBLANK('Species Selection'!A26)=TRUE,'Species Selection'!F26, "") -> SSnumberSampled | W18: =IF(ISBLANK('Species Selection'!A26)=TRUE,'Species Selection'!M26, "") -> Number of species selected for sampling | Y18: =IF(ISBLANK(Sample!A18)=TRUE, Sample!B18, "") -> 0 | Z18: =IF(ISBLANK(Sample!A36)=TRUE, Sample!F36, "") -> SAunitType | AA18: =IF(ISBLANK(Sample!A36)=TRUE, Sample!M36, "") -> The type of sampling unit | AC18: =IF(ISBLANK('Frequency Measure'!#REF!)=TRUE, 'Frequency Measure'!#REF!, "") | AG18: =IF(ISBLANK('Biological Variable'!A25)=TRUE, 'Biological Variable'!B25, "") -> 0 | AH18: =IF(ISBLANK('Biological Variable'!A25)=TRUE, 'Biological Variable'!F25, "") -> BVselectionMethod | AI18: =IF(ISBLANK('Biological Variable'!A25)=TRUE, 'Biological Variable'!M25, "") -> The method of selecting fish
I19: =IF(ISBLANK('Temporal Event'!A9)=TRUE, 'Temporal Event'!B9, "") -> 0 | J19: =IF(ISBLANK('Vessel Selection'!A19)=TRUE, 'Vessel Selection'!F19, "") -> VSunitName | K19: =IF(ISBLANK('Vessel Selection'!A19)=TRUE, 'Vessel Selection'!M19, "") -> The unique name of this unit. Indicate a sampling unit may appear more than once. Can be national identfier for the vessel, frequently similary to the encrypted vessel identifyer. Do not use the real name of vessel or anything that can identify the vessel. e.g. "Vessel1", etc. | N19: =IF(ISBLANK('Fishing Trip'!A19)=TRUE, 'Fishing Trip'!F19, "") -> FTdepartureLocation | O19: =IF(ISBLANK('Fishing Trip'!A19)=TRUE, 'Fishing Trip'!M19, "") -> LOCODE of departure Location. Mandatory when FTsampler == "Observer” and FTsamplingType == “at-sea” | Q19: =IF(ISBLANK('Fishing Operation'!A25)=TRUE, 'Fishing Operation'!B25, "") -> 0 | R19: =IF(ISBLANK('Fishing Operation'!A17)=TRUE, 'Fishing Operation'!F17, "") -> FOendDate | S19: =IF(ISBLANK('Fishing Operation'!A17)=TRUE, 'Fishing Operation'!M17, "") -> Date when the fishing operation ends or catch is removed (e.g., if the gear remains in water). "YYYY-MM-DD" (UTC). If FOaggregationLevel == T, this coincides with arrivalDate of trip. | V19: =IF(ISBLANK('Species Selection'!A29)=TRUE,'Species Selection'!F29, "") -> SSselectionMethod | W19: =IF(ISBLANK('Species Selection'!A29)=TRUE,'Species Selection'!M29, "") -> The method of selecting species for sampling | Y19: =IF(ISBLANK(Sample!A36)=TRUE, Sample!B36, "") -> 0 | Z19: =IF(ISBLANK(Sample!A37)=TRUE, Sample!F37, "") -> SAtotalWeightLive | AA19: =IF(ISBLANK(Sample!A37)=TRUE, Sample!M37, "") -> Whole weight in grammes. | AC19: =IF(ISBLANK('Frequency Measure'!#REF!)=TRUE, 'Frequency Measure'!#REF!, "") | AG19: =IF(ISBLANK('Biological Variable'!A27)=TRUE, 'Biological Variable'!B27, "") -> 0 | AH19: =IF(ISBLANK('Biological Variable'!A27)=TRUE, 'Biological Variable'!F27, "") -> BVsampler | AI19: =IF(ISBLANK('Biological Variable'!A27)=TRUE, 'Biological Variable'!M27, "") -> Self-sampling, Observer, Control, Electronic Monitoring (EM). In the future potential combinations of e.g. observer and EM
I20: =IF(ISBLANK('Temporal Event'!A10)=TRUE, 'Temporal Event'!B10, "") -> 0 | J20: =IF(ISBLANK('Vessel Selection'!A20)=TRUE, 'Vessel Selection'!F20, "") -> VSselectionMethodCluster | K20: =IF(ISBLANK('Vessel Selection'!A20)=TRUE, 'Vessel Selection'!M20, "") -> The method of selecting clusters | N20: =IF(ISBLANK('Fishing Trip'!A20)=TRUE, 'Fishing Trip'!F20, "") -> FTdepartureDate | O20: =IF(ISBLANK('Fishing Trip'!A20)=TRUE, 'Fishing Trip'!M20, "") -> Departure date | Q20: =IF(ISBLANK('Fishing Operation'!A26)=TRUE, 'Fishing Operation'!B26, "") -> 0 | R20: =IF(ISBLANK('Fishing Operation'!A18)=TRUE, 'Fishing Operation'!F18, "") -> FOendTime | S20: =IF(ISBLANK('Fishing Operation'!A18)=TRUE, 'Fishing Operation'!M18, "") -> Time when the fishing operation ends or catch is removed (e.g., if the gear remains in water). "HH:MM"… in UTC. Mandatory when FTsampler == “Observer” and FTsamplingType == “at-sea”. | V20: =IF(ISBLANK('Species Selection'!A31)=TRUE,'Species Selection'!F31, "") -> SSselectionMethodCluster | W20: =IF(ISBLANK('Species Selection'!A31)=TRUE,'Species Selection'!M31, "") -> The method of selecting clusters | Y20: =IF(ISBLANK(Sample!A37)=TRUE, Sample!B37, "") -> 0 | Z20: =IF(ISBLANK(Sample!A38)=TRUE, Sample!F38, "") -> SAsampleWeightLive | AA20: =IF(ISBLANK(Sample!A38)=TRUE, Sample!M38, "") -> Whole weight in grammes of the sample. | AC20: =IF(ISBLANK('Frequency Measure'!#REF!)=TRUE, 'Frequency Measure'!#REF!, "") | AH20: =IF(ISBLANK('Biological Variable'!A28)=TRUE, 'Biological Variable'!F28, "") -> 0 | AI20: =IF(ISBLANK('Biological Variable'!A28)=TRUE, 'Biological Variable'!M28, "") -> 0
I21: =IF(ISBLANK('Temporal Event'!A14)=TRUE, 'Temporal Event'!B14, "") -> 0 | J21: =IF(ISBLANK('Vessel Selection'!A21)=TRUE, 'Vessel Selection'!F21, "") -> VSnumberTotalClusters | K21: =IF(ISBLANK('Vessel Selection'!A21)=TRUE, 'Vessel Selection'!M21, "") -> Total number of clusters in that level of the sampling hierarchy | N21: =IF(ISBLANK('Fishing Trip'!A21)=TRUE, 'Fishing Trip'!F21, "") -> FTdepartureTime | O21: =IF(ISBLANK('Fishing Trip'!A21)=TRUE, 'Fishing Trip'!M21, "") -> Departure time. Mandatory when FTsampler == "Observer” and FTsamplingType == “at-sea” | Q21: =IF(ISBLANK('Fishing Operation'!A27)=TRUE, 'Fishing Operation'!B27, "") -> 0 | R21: =IF(ISBLANK('Fishing Operation'!A19)=TRUE, 'Fishing Operation'!F19, "") -> FOduration | S21: =IF(ISBLANK('Fishing Operation'!A19)=TRUE, 'Fishing Operation'!M19, "") -> Time spent towing (active) or soaking (passive) in minutes . Mandatory when FTsampler == “Observer” and FTsamplingType == “at-sea”. | V21: =IF(ISBLANK('Species Selection'!A32)=TRUE,'Species Selection'!F32, "") -> SSnumberTotalClusters | W21: =IF(ISBLANK('Species Selection'!A32)=TRUE,'Species Selection'!M32, "") -> Total number of clusters in that level of the sampling hierarchy | Y21: =IF(ISBLANK(Sample!A38)=TRUE, Sample!B38, "") -> 0 | Z21: =IF(ISBLANK(Sample!A39)=TRUE, Sample!F39, "") -> SAnumberTotal | AA21: =IF(ISBLANK(Sample!A39)=TRUE, Sample!M39, "") -> Total number of units in this stratum | AC21: =IF(ISBLANK('Frequency Measure'!#REF!)=TRUE, 'Frequency Measure'!#REF!, "")
I22: =IF(ISBLANK('Temporal Event'!A15)=TRUE, 'Temporal Event'!B15, "") -> 0 | J22: =IF(ISBLANK('Vessel Selection'!A22)=TRUE, 'Vessel Selection'!F22, "") -> VSnumberSampledClusters | K22: =IF(ISBLANK('Vessel Selection'!A22)=TRUE, 'Vessel Selection'!M22, "") -> Total number of clusters sampled | N22: =IF(ISBLANK('Fishing Trip'!A22)=TRUE, 'Fishing Trip'!F22, "") -> FTarrivalLocation | O22: =IF(ISBLANK('Fishing Trip'!A22)=TRUE, 'Fishing Trip'!M22, "") -> LOCODE of arrival location | Q22: =IF(ISBLANK('Fishing Operation'!A28)=TRUE, 'Fishing Operation'!B28, "") -> 0 | R22: =IF(ISBLANK('Fishing Operation'!A23)=TRUE, 'Fishing Operation'!F23, "") -> FOstartLat | S22: =IF(ISBLANK('Fishing Operation'!A23)=TRUE, 'Fishing Operation'!M23, "") -> Shooting (start) position in decimal degrees of latitude. | V22: =IF(ISBLANK('Species Selection'!A33)=TRUE,'Species Selection'!F33, "") -> SSnumberSampledClusters | W22: =IF(ISBLANK('Species Selection'!A33)=TRUE,'Species Selection'!M33, "") -> Total number of clusters sampled | Y22: =IF(ISBLANK(Sample!A39)=TRUE, Sample!B39, "") -> 0 | Z22: =IF(ISBLANK(Sample!A40)=TRUE, Sample!F40, "") -> SAnumberSampled | AA22: =IF(ISBLANK(Sample!A40)=TRUE, Sample!M40, "") -> The number of units sampled in this stratum
I23: =IF(ISBLANK('Temporal Event'!#REF!)=TRUE, 'Temporal Event'!#REF!, "") | J23: =IF(ISBLANK('Vessel Selection'!#REF!)=TRUE, 'Vessel Selection'!#REF!, "") | K23: =IF(ISBLANK('Vessel Selection'!#REF!)=TRUE, 'Vessel Selection'!#REF!, "") | N23: =IF(ISBLANK('Fishing Trip'!A23)=TRUE, 'Fishing Trip'!F23, "") -> FTarrivalDate | O23: =IF(ISBLANK('Fishing Trip'!A23)=TRUE, 'Fishing Trip'!M23, "") -> Arrival Date | Q23: =IF(ISBLANK('Fishing Operation'!A29)=TRUE, 'Fishing Operation'!B29, "") -> 0 | R23: =IF(ISBLANK('Fishing Operation'!A24)=TRUE, 'Fishing Operation'!F24, "") -> FOstartLon | S23: =IF(ISBLANK('Fishing Operation'!A24)=TRUE, 'Fishing Operation'!M24, "") -> Shooting (start) position in decimal degrees of longitude. | V23: =IF(ISBLANK('Species Selection'!#REF!)=TRUE,'Species Selection'!#REF!, "") | W23: =IF(ISBLANK('Species Selection'!#REF!)=TRUE,'Species Selection'!#REF!, "") | Y23: =IF(ISBLANK(Sample!A40)=TRUE, Sample!B40, "") -> 0 | Z23: =IF(ISBLANK(Sample!#REF!)=TRUE, Sample!#REF!, "") | AA23: =IF(ISBLANK(Sample!#REF!)=TRUE, Sample!#REF!, "")
I24: =IF(ISBLANK('Temporal Event'!A18)=TRUE, 'Temporal Event'!B18, "") -> 0 | J24: =IF(ISBLANK('Vessel Selection'!A26)=TRUE, 'Vessel Selection'!F26, "") -> VSreasonNotSampled | K24: =IF(ISBLANK('Vessel Selection'!A26)=TRUE, 'Vessel Selection'!M26, "") -> Reason for not sampling | N24: =IF(ISBLANK('Fishing Trip'!A24)=TRUE, 'Fishing Trip'!F24, "") -> FTarrivalTime | O24: =IF(ISBLANK('Fishing Trip'!A24)=TRUE, 'Fishing Trip'!M24, "") -> Arrival time. Mandatory when FTsampler == "Observer” and FTsamplingType == “at-sea” | Q24: =IF(ISBLANK('Fishing Operation'!A32)=TRUE, 'Fishing Operation'!B32, "") -> 0 | R24: =IF(ISBLANK('Fishing Operation'!A25)=TRUE, 'Fishing Operation'!F25, "") -> FOstopLat | S24: =IF(ISBLANK('Fishing Operation'!A25)=TRUE, 'Fishing Operation'!M25, "") -> Hauling (stop) position in decimal degrees of latitude. | V24: =IF(ISBLANK('Species Selection'!A37)=TRUE,'Species Selection'!F37, "") -> SSreasonNotSampled | W24: =IF(ISBLANK('Species Selection'!A37)=TRUE,'Species Selection'!M37, "") -> Reason for not sampling | Y24: =IF(ISBLANK(Sample!#REF!)=TRUE, Sample!#REF!, "") | Z24: =IF(ISBLANK(Sample!A43)=TRUE, Sample!F43, "") -> SAselectionMethod | AA24: =IF(ISBLANK(Sample!A43)=TRUE, Sample!M43, "") -> The method of selecting units for sampling
I25: =IF(ISBLANK('Temporal Event'!#REF!)=TRUE, 'Temporal Event'!#REF!, "") | J25: =IF(ISBLANK('Vessel Selection'!A27)=TRUE, 'Vessel Selection'!F27, "") -> VSnonResponseCollected | K25: =IF(ISBLANK('Vessel Selection'!A27)=TRUE, 'Vessel Selection'!M27, "") -> Indicate whether non-responses were recorded at this sampling level. | N25: =IF(ISBLANK('Fishing Trip'!A26)=TRUE, 'Fishing Trip'!F26, "") -> FTnumberTotal | O25: =IF(ISBLANK('Fishing Trip'!A26)=TRUE, 'Fishing Trip'!M26, "") -> Total number of unique trips in the stratum/cluster. | Q25: =IF(ISBLANK('Fishing Operation'!#REF!)=TRUE, 'Fishing Operation'!#REF!, "") | R25: =IF(ISBLANK('Fishing Operation'!A26)=TRUE, 'Fishing Operation'!F26, "") -> FOstopLon | S25: =IF(ISBLANK('Fishing Operation'!A26)=TRUE, 'Fishing Operation'!M26, "") -> Hauling (stop) position in decimal degrees of longitude. | U25: =IF(ISBLANK(#REF!)=TRUE,#REF!, "") | V25: =IF(ISBLANK('Species Selection'!A38)=TRUE,'Species Selection'!F38, "") -> SSnonResponseCollected | W25: =IF(ISBLANK('Species Selection'!A38)=TRUE,'Species Selection'!M38, "") -> Indicate whether non-responses were recorded at this sampling level. | Y25: =IF(ISBLANK(Sample!A43)=TRUE, Sample!B43, "") -> 0 | Z25: =IF(ISBLANK(Sample!A45)=TRUE, Sample!F45, "") -> SAlowerHierarchy | AA25: =IF(ISBLANK(Sample!A45)=TRUE, Sample!M45, "") -> The Lower Hierarchy that will be used for this Sample/Subsample
N26: =IF(ISBLANK('Fishing Trip'!A27)=TRUE, 'Fishing Trip'!F27, "") -> FTnumberSampled | O26: =IF(ISBLANK('Fishing Trip'!A27)=TRUE, 'Fishing Trip'!M27, "") -> The number of trips sampled in this stratum/cluster. | Q26: =IF(ISBLANK('Fishing Operation'!A35)=TRUE, 'Fishing Operation'!B35, "") -> 0 | R26: =IF(ISBLANK('Fishing Operation'!A27)=TRUE, 'Fishing Operation'!F27, "") -> FOexclusiveEconomicZoneIndicator | S26: =IF(ISBLANK('Fishing Operation'!A27)=TRUE, 'Fishing Operation'!M27, "") -> Exclusive Economic Zone indicator. | U26: =IF(ISBLANK(#REF!)=TRUE,#REF!, "") | Y26: =IF(ISBLANK(Sample!A45)=TRUE, Sample!B45, "") -> 0 | Z26: =IF(ISBLANK(Sample!A46)=TRUE, Sample!F46, "") -> SAsampler | AA26: =IF(ISBLANK(Sample!A46)=TRUE, Sample!M46, "") -> Self-sampling, Observer, Control, Electronic Monitoring (EM). In the future potential combinations of e.g. observer and EM
J27: Temporal Event (TE) | N27: =IF(ISBLANK('Fishing Trip'!#REF!)=TRUE, 'Fishing Trip'!#REF!, "") | O27: =IF(ISBLANK('Fishing Trip'!#REF!)=TRUE, 'Fishing Trip'!#REF!, "") | Q27: =IF(ISBLANK('Fishing Operation'!A36)=TRUE, 'Fishing Operation'!B36, "") -> 0 | R27: =IF(ISBLANK('Fishing Operation'!A28)=TRUE, 'Fishing Operation'!F28, "") -> FOarea | S27: =IF(ISBLANK('Fishing Operation'!A28)=TRUE, 'Fishing Operation'!M28, "") -> Area level 3 in the DCR. | U27: =IF(ISBLANK(#REF!)=TRUE,#REF!, "") | Y27: =IF(ISBLANK(Sample!A46)=TRUE, Sample!B46, "") -> 0 | Z27: =IF(ISBLANK(Sample!A50)=TRUE, Sample!F50, "") -> SAreasonNotSampledFM | AA27: =IF(ISBLANK(Sample!A50)=TRUE, Sample!M50, "") -> Reason for not sampling freq
J28: =IF(ISBLANK('Temporal Event'!A2)=TRUE, 'Temporal Event'!F2, "") | K28: =IF(ISBLANK('Temporal Event'!A2)=TRUE, 'Temporal Event'!M2, "") | N28: =IF(ISBLANK('Fishing Trip'!A30)=TRUE, 'Fishing Trip'!F30, "") -> FTselectionMethod | O28: =IF(ISBLANK('Fishing Trip'!A30)=TRUE, 'Fishing Trip'!M30, "") -> The method of selecting fishing trips for sampling | Q28: =IF(ISBLANK('Fishing Operation'!A37)=TRUE, 'Fishing Operation'!B37, "") -> 0 | R28: =IF(ISBLANK('Fishing Operation'!A29)=TRUE, 'Fishing Operation'!F29, "") -> FOrectangle | S28: =IF(ISBLANK('Fishing Operation'!A29)=TRUE, 'Fishing Operation'!M29, "") -> Area level 5 in the DCR | U28: =IF(ISBLANK(#REF!)=TRUE,#REF!, "") | V28: Species List Details (SL) | Y28: =IF(ISBLANK(Sample!A50)=TRUE, Sample!B50, "") -> 0 | Z28: =IF(ISBLANK(Sample!A51)=TRUE, Sample!F51, "") -> SAreasonNotSampledBV | AA28: =IF(ISBLANK(Sample!A51)=TRUE, Sample!M51, "") -> Reason for not sampling biovar
J29: =IF(ISBLANK('Temporal Event'!A3)=TRUE, 'Temporal Event'!F3, "") | K29: =IF(ISBLANK('Temporal Event'!A3)=TRUE, 'Temporal Event'!M3, "") | N29: =IF(ISBLANK('Fishing Trip'!A32)=TRUE, 'Fishing Trip'!F32, "") -> FTselectionMethodCluster | O29: =IF(ISBLANK('Fishing Trip'!A32)=TRUE, 'Fishing Trip'!M32, "") -> The method of selecting clusters | Q29: =IF(ISBLANK('Fishing Operation'!A38)=TRUE, 'Fishing Operation'!B38, "") -> 0 | R29: =IF(ISBLANK('Fishing Operation'!A32)=TRUE, 'Fishing Operation'!F32, "") -> FOjurisdictionArea | S29: =IF(ISBLANK('Fishing Operation'!A32)=TRUE, 'Fishing Operation'!M32, "") -> Area belonging to a country or a part of an area among others used by Long Distance Fisheries. | U29: =IF(ISBLANK(#REF!)=TRUE,#REF!, "") | V29: =IF(ISBLANK(#REF!)=TRUE,#REF!, "") | W29: =IF(ISBLANK(#REF!)=TRUE,#REF!, "") | Y29: =IF(ISBLANK(Sample!A65)=TRUE, Sample!B51, "") -> 0 | Z29: =IF(ISBLANK(Sample!A52)=TRUE, Sample!F52, "") -> SAtotalWeightMeasured | AA29: =IF(ISBLANK(Sample!A52)=TRUE, Sample!M52, "") -> Whole weight in grammes.
I30: =IF(ISBLANK(Location!A2)=TRUE, Location!B2, "") | J30: =IF(ISBLANK('Temporal Event'!A4)=TRUE, 'Temporal Event'!F4, "") | K30: =IF(ISBLANK('Temporal Event'!A4)=TRUE, 'Temporal Event'!M4, "") | N30: =IF(ISBLANK('Fishing Trip'!A33)=TRUE, 'Fishing Trip'!F33, "") -> FTnumberTotalClusters | O30: =IF(ISBLANK('Fishing Trip'!A33)=TRUE, 'Fishing Trip'!M33, "") -> Total number of clusters in that level of the sampling hierarchy | Q30: =IF(ISBLANK('Fishing Operation'!A36)=TRUE, 'Fishing Operation'!B36, "") -> 0 | R30: =IF(ISBLANK('Fishing Operation'!#REF!)=TRUE, 'Fishing Operation'!#REF!, "") | S30: =IF(ISBLANK('Fishing Operation'!#REF!)=TRUE, 'Fishing Operation'!#REF!, "") | U30: =IF(ISBLANK(#REF!)=TRUE,#REF!, "") | V30: =IF(ISBLANK(#REF!)=TRUE,#REF!, "") | W30: =IF(ISBLANK(#REF!)=TRUE,#REF!, "") | Y30: =IF(ISBLANK(Sample!#REF!)=TRUE, Sample!B52, "") | Z30: =IF(ISBLANK(Sample!A54)=TRUE, Sample!F54, "") -> SAsampleWeightMeasured | AA30: =IF(ISBLANK(Sample!A54)=TRUE, Sample!M54, "") -> Whole weight in grammes of the sample.
I31: =IF(ISBLANK(Location!A3)=TRUE, Location!B3, "") | J31: =IF(ISBLANK('Temporal Event'!A5)=TRUE, 'Temporal Event'!F5, "") | K31: =IF(ISBLANK('Temporal Event'!A5)=TRUE, 'Temporal Event'!M5, "") | N31: =IF(ISBLANK('Fishing Trip'!A34)=TRUE, 'Fishing Trip'!F34, "") -> FTnumberSampledClusters | O31: =IF(ISBLANK('Fishing Trip'!A34)=TRUE, 'Fishing Trip'!M34, "") -> Total number of clusters sampled | Q31: =IF(ISBLANK('Fishing Operation'!#REF!)=TRUE, 'Fishing Operation'!#REF!, "") | R31: =IF(ISBLANK('Fishing Operation'!A35)=TRUE, 'Fishing Operation'!F35, "") -> FOfishingDepth | S31: =IF(ISBLANK('Fishing Operation'!A35)=TRUE, 'Fishing Operation'!M35, "") -> Mean depth of gear | U31: =IF(ISBLANK(#REF!)=TRUE,#REF!, "") | V31: =IF(ISBLANK(#REF!)=TRUE,#REF!, "") | W31: =IF(ISBLANK(#REF!)=TRUE,#REF!, "") | Y31: =IF(ISBLANK(Sample!A40)=TRUE, Sample!B40, "") -> 0 | Z31: =IF(ISBLANK(Sample!A55)=TRUE, Sample!F55, "") -> SAconversionFactorMeasLive | AA31: =IF(ISBLANK(Sample!A55)=TRUE, Sample!M55, "") -> Conversion factor between measured weight and live weight.
I32: =IF(ISBLANK(Location!A4)=TRUE, Location!B4, "") -> 0 | J32: =IF(ISBLANK('Temporal Event'!A6)=TRUE, 'Temporal Event'!F6, "") -> TErecordType | K32: =IF(ISBLANK('Temporal Event'!A6)=TRUE, 'Temporal Event'!M6, "") -> Fixed value ('TE') | N32: =IF(ISBLANK('Fishing Trip'!#REF!)=TRUE, 'Fishing Trip'!#REF!, "") | O32: =IF(ISBLANK('Fishing Trip'!#REF!)=TRUE, 'Fishing Trip'!#REF!, "") | Q32: =IF(ISBLANK('Fishing Operation'!A37)=TRUE, 'Fishing Operation'!B37, "") -> 0 | R32: =IF(ISBLANK('Fishing Operation'!A36)=TRUE, 'Fishing Operation'!F36, "") -> FOwaterDepth | S32: =IF(ISBLANK('Fishing Operation'!A36)=TRUE, 'Fishing Operation'!M36, "") -> Mean depth of location | U32: =IF(ISBLANK(#REF!)=TRUE,#REF!, "") | V32: =IF(ISBLANK(#REF!)=TRUE,#REF!, "") | W32: =IF(ISBLANK(#REF!)=TRUE,#REF!, "") | Y32: =IF(ISBLANK(Sample!#REF!)=TRUE, Sample!#REF!, "") | Z32: =IF(ISBLANK(Sample!A13)=TRUE, Sample!F13, "") -> SAspecimensState | AA32: =IF(ISBLANK(Sample!A13)=TRUE, Sample!M13, "") -> State of the specimens (e.g., dead, damaged, etc).
J33: =IF(ISBLANK('Temporal Event'!A8)=TRUE, 'Temporal Event'!F8, "") -> TEstratification | K33: =IF(ISBLANK('Temporal Event'!A8)=TRUE, 'Temporal Event'!M8, "") -> Indicator of presence (Y) or absence (N) of stratification of units in that level of the sampling hierarchy | N33: =IF(ISBLANK('Fishing Trip'!A38)=TRUE, 'Fishing Trip'!F38, "") -> FTreasonNotSampled | O33: =IF(ISBLANK('Fishing Trip'!A38)=TRUE, 'Fishing Trip'!M38, "") -> Reason for not sampling | R33: =IF(ISBLANK('Fishing Operation'!A37)=TRUE, 'Fishing Operation'!F37, "") -> FOnationalFishingActivity | S33: =IF(ISBLANK('Fishing Operation'!A37)=TRUE, 'Fishing Operation'!M37, "") -> Country specific national fishing activity | V33: =IF(ISBLANK(#REF!)=TRUE,#REF!, "") | W33: =IF(ISBLANK(#REF!)=TRUE,#REF!, "")
J34: =IF(ISBLANK('Temporal Event'!A9)=TRUE, 'Temporal Event'!F9, "") -> TEtimeUnit | K34: =IF(ISBLANK('Temporal Event'!A9)=TRUE, 'Temporal Event'!M9, "") -> The time unit e.g. "week" | N34: =IF(ISBLANK('Fishing Trip'!A37)=TRUE, 'Fishing Trip'!F37, "") -> FTsampled | O34: =IF(ISBLANK('Fishing Trip'!A37)=TRUE, 'Fishing Trip'!M37, "") -> 0 | R34: =IF(ISBLANK('Fishing Operation'!A38)=TRUE, 'Fishing Operation'!F38, "") -> FOmetier5 | S34: =IF(ISBLANK('Fishing Operation'!A38)=TRUE, 'Fishing Operation'!M38, "") -> Level 5 metier | V34: =IF(ISBLANK(#REF!)=TRUE,#REF!, "") | W34: =IF(ISBLANK(#REF!)=TRUE,#REF!, "")
I35: =IF(ISBLANK(Location!#REF!)=TRUE, Location!#REF!, "") | J35: =IF(ISBLANK('Temporal Event'!A10)=TRUE, 'Temporal Event'!F10, "") -> TEstratumName | K35: =IF(ISBLANK('Temporal Event'!A10)=TRUE, 'Temporal Event'!M10, "") -> Name of stratum ('U' for unstratified) | Q35: =IF(ISBLANK('Fishing Operation'!A38)=TRUE, 'Fishing Operation'!B38, "") -> 0 | R35: =IF(ISBLANK('Fishing Operation'!A39)=TRUE, 'Fishing Operation'!F39, "") -> FOmetier6 | S35: =IF(ISBLANK('Fishing Operation'!A39)=TRUE, 'Fishing Operation'!M39, "") -> Level 6 metier | U35: =IF(ISBLANK(#REF!)=TRUE,#REF!, "") | V35: =IF(ISBLANK(#REF!)=TRUE,#REF!, "") | W35: =IF(ISBLANK(#REF!)=TRUE,#REF!, "") | Y35: =IF(ISBLANK(Sample!A43)=TRUE, Sample!B43, "") -> 0 | Z35: =IF(ISBLANK(Sample!A57)=TRUE, Sample!F57, "") -> SAauxiliaryVariableValue | AA35: =IF(ISBLANK(Sample!A57)=TRUE, Sample!M57, "") -> The value of auxiliary variable in the sampled unit.
I36: =IF(ISBLANK(Location!A10)=TRUE, Location!B10, "") -> 0 | J36: =IF(ISBLANK('Temporal Event'!A11)=TRUE, 'Temporal Event'!F11, "") -> TEclustering | K36: =IF(ISBLANK('Temporal Event'!A11)=TRUE, 'Temporal Event'!M11, "") -> Indicator existence and type of cluster sampling of units in that level of the sampling hierarchy | N36: Onshore Event (OS) | Q36: =IF(ISBLANK('Fishing Operation'!A39)=TRUE, 'Fishing Operation'!B39, "") -> 0 | R36: =IF(ISBLANK('Fishing Operation'!A40)=TRUE, 'Fishing Operation'!F40, "") -> FOgear | S36: =IF(ISBLANK('Fishing Operation'!A40)=TRUE, 'Fishing Operation'!M40, "") -> FAO Code of gear | U36: =IF(ISBLANK(#REF!)=TRUE,#REF!, "") | V36: =IF(ISBLANK(#REF!)=TRUE,#REF!, "") | W36: =IF(ISBLANK(#REF!)=TRUE,#REF!, "") | Y36: =IF(ISBLANK(Sample!#REF!)=TRUE, Sample!#REF!, "") | Z36: =IF(ISBLANK(Sample!A65)=TRUE, Sample!F58, "") -> SAauxiliaryVariableName | AA36: =IF(ISBLANK(Sample!A65)=TRUE, Sample!M58, "") -> Name of the auxiliary variable
I37: =IF(ISBLANK(Location!A14)=TRUE, Location!B14, "") -> 0 | J37: =IF(ISBLANK('Temporal Event'!A12)=TRUE, 'Temporal Event'!F12, "") -> TEclusterName | K37: =IF(ISBLANK('Temporal Event'!A12)=TRUE, 'Temporal Event'!M12, "") -> Name or code of the cluster selected for sampling | N37: =IF(ISBLANK('Onshore Event'!A2)=TRUE, 'Onshore Event'!F2, "") | O37: =IF(ISBLANK('Onshore Event'!A2)=TRUE, 'Onshore Event'!M2, "") | Q37: =IF(ISBLANK('Fishing Operation'!A40)=TRUE, 'Fishing Operation'!B40, "") -> 0 | R37: =IF(ISBLANK('Fishing Operation'!A43)=TRUE, 'Fishing Operation'!F43, "") -> FOmeshSize | S37: =IF(ISBLANK('Fishing Operation'!A43)=TRUE, 'Fishing Operation'!M43, "") -> Mesh size (mm). The following: LLD, LLS, LHM, LHP, LL, FPO cannot insert mesh size. | U37: =IF(ISBLANK(#REF!)=TRUE,#REF!, "") | V37: =IF(ISBLANK(#REF!)=TRUE,#REF!, "") | W37: =IF(ISBLANK(#REF!)=TRUE,#REF!, "") | Y37: =IF(ISBLANK(Sample!#REF!)=TRUE, Sample!#REF!, "")
I38: =IF(ISBLANK(Location!A15)=TRUE, Location!B15, "") -> 0 | J38: =IF(ISBLANK('Temporal Event'!A13)=TRUE, 'Temporal Event'!F13, "") -> TEsampler | K38: =IF(ISBLANK('Temporal Event'!A13)=TRUE, 'Temporal Event'!M13, "") -> Data collected by. E.g Selfsampling, Observer, Control, Imagery. In the future potential combinations of e.g. observer and EM. | N38: =IF(ISBLANK('Onshore Event'!A3)=TRUE, 'Onshore Event'!F3, "") | O38: =IF(ISBLANK('Onshore Event'!A3)=TRUE, 'Onshore Event'!M3, "") | Q38: =IF(ISBLANK('Fishing Operation'!A43)=TRUE, 'Fishing Operation'!B43, "") -> 0 | R38: =IF(ISBLANK('Fishing Operation'!A44)=TRUE, 'Fishing Operation'!F44, "") -> FOselectionDevice | S38: =IF(ISBLANK('Fishing Operation'!A44)=TRUE, 'Fishing Operation'!M44, "") -> Selection device. Note: this is different from IncidentalByCatchMitigateDevices. | U38: =IF(ISBLANK('Sampling Details'!A5)=TRUE, 'Sampling Details'!B5, "") -> 0 | V38: =IF(ISBLANK(#REF!)=TRUE,#REF!, "") | W38: =IF(ISBLANK(#REF!)=TRUE,#REF!, "") | Y38: =IF(ISBLANK(Sample!A45)=TRUE, Sample!B45, "") -> 0
I39: =IF(ISBLANK(Location!#REF!)=TRUE, Location!#REF!, "") | J39: =IF(ISBLANK('Temporal Event'!A14)=TRUE, 'Temporal Event'!F14, "") -> TEnumberTotal | K39: =IF(ISBLANK('Temporal Event'!A14)=TRUE, 'Temporal Event'!M14, "") -> Total number of unique time units in this stratum/cluster. | N39: =IF(ISBLANK('Onshore Event'!A4)=TRUE, 'Onshore Event'!F4, "") -> OSrecordType | O39: =IF(ISBLANK('Onshore Event'!A4)=TRUE, 'Onshore Event'!M4, "") -> Fixed value ('OS') | Q39: =IF(ISBLANK('Fishing Operation'!A44)=TRUE, 'Fishing Operation'!B44, "") -> 0 | R39: =IF(ISBLANK('Fishing Operation'!A45)=TRUE, 'Fishing Operation'!F45, "") -> FOselectionDeviceMeshSize | S39: =IF(ISBLANK('Fishing Operation'!A45)=TRUE, 'Fishing Operation'!M45, "") -> Selection device mesh size (mm) | V39: =IF(ISBLANK(#REF!)=TRUE,#REF!, "") | W39: =IF(ISBLANK(#REF!)=TRUE,#REF!, "") | Y39: =IF(ISBLANK(Sample!A46)=TRUE, Sample!B46, "") -> 0
I40: =IF(ISBLANK(Location!A18)=TRUE, Location!B18, "") -> 0 | J40: =IF(ISBLANK('Temporal Event'!A15)=TRUE, 'Temporal Event'!F15, "") -> TEnumberSampled | K40: =IF(ISBLANK('Temporal Event'!A15)=TRUE, 'Temporal Event'!M15, "") -> The number of time units sampled in this stratum/cluster (not necessarily unique time units, the same time unit could be sampled more than once) . If 3 samples was made and one time unit was selected twice, the number of time units sampled is 3. | N40: =IF(ISBLANK('Onshore Event'!#REF!)=TRUE, 'Onshore Event'!#REF!, "") | O40: =IF(ISBLANK('Onshore Event'!A6)=TRUE, 'Onshore Event'!M6, "") -> Indicator of presence ("Y") or absence ("N") of stratification of units in that level of the sampling hierarchy | Q40: =IF(ISBLANK('Fishing Operation'!A45)=TRUE, 'Fishing Operation'!B45, "") -> 0 | R40: =IF(ISBLANK('Fishing Operation'!A46)=TRUE, 'Fishing Operation'!F46, "") -> FOtargetSpecies | S40: =IF(ISBLANK('Fishing Operation'!A46)=TRUE, 'Fishing Operation'!M46, "") -> Target species assemblage | V40: =IF(ISBLANK(#REF!)=TRUE,#REF!, "") | W40: =IF(ISBLANK(#REF!)=TRUE,#REF!, "") | Y40: =IF(ISBLANK(Sample!A50)=TRUE, Sample!B50, "") -> 0
I41: =IF(ISBLANK(Location!A27)=TRUE, Location!B27, "") -> 0 | J41: =IF(ISBLANK('Temporal Event'!#REF!)=TRUE, 'Temporal Event'!#REF!, "") | K41: =IF(ISBLANK('Temporal Event'!#REF!)=TRUE, 'Temporal Event'!#REF!, "") | N41: =IF(ISBLANK('Onshore Event'!A6)=TRUE, 'Onshore Event'!F6, "") -> OSstratification | O41: =IF(ISBLANK('Onshore Event'!A7)=TRUE, 'Onshore Event'!M7, "") -> LOCODE of sampling location | Q41: =IF(ISBLANK('Fishing Operation'!A46)=TRUE, 'Fishing Operation'!B46, "") -> 0 | R41: =IF(ISBLANK('Fishing Operation'!A47)=TRUE, 'Fishing Operation'!F47, "") -> FOincidentalByCatchMitigationDeviceFirst | S41: =IF(ISBLANK('Fishing Operation'!A47)=TRUE, 'Fishing Operation'!M47, "") -> First mitigation device specific for reducing incidental by-catch | V41: =IF(ISBLANK(#REF!)=TRUE,#REF!, "") | W41: =IF(ISBLANK(#REF!)=TRUE,#REF!, "")
J42: =IF(ISBLANK('Temporal Event'!A18)=TRUE, 'Temporal Event'!F18, "") -> TEselectionMethod | K42: =IF(ISBLANK('Temporal Event'!A18)=TRUE, 'Temporal Event'!M18, "") -> The method of selecting units of time for sampling | N42: =IF(ISBLANK('Onshore Event'!A7)=TRUE, 'Onshore Event'!F7, "") -> OSlocode | O42: =IF(ISBLANK('Onshore Event'!A10)=TRUE, 'Onshore Event'!M10, "") -> Sampling date | Q42: =IF(ISBLANK('Fishing Operation'!#REF!)=TRUE, 'Fishing Operation'!#REF!, "") | R42: =IF(ISBLANK('Fishing Operation'!A51)=TRUE, 'Fishing Operation'!F51, "") -> FOgearDimensions | S42: =IF(ISBLANK('Fishing Operation'!A51)=TRUE, 'Fishing Operation'!M51, "") -> 0 | V42: =IF(ISBLANK(#REF!)=TRUE,#REF!, "") | W42: =IF(ISBLANK(#REF!)=TRUE,#REF!, "")
J43: =IF(ISBLANK('Temporal Event'!A19)=TRUE, 'Temporal Event'!F19, "") -> TEunitName | K43: =IF(ISBLANK('Temporal Event'!A19)=TRUE, 'Temporal Event'!M19, "") -> The name of this unit. Indicate a sampling unit may appear more than once. National identfier for the time unit e.g. "Week23", "March" etc. | N43: =IF(ISBLANK('Onshore Event'!A10)=TRUE, 'Onshore Event'!F10, "") -> OSsamplingDate | O43: =IF(ISBLANK('Onshore Event'!A11)=TRUE, 'Onshore Event'!M11, "") -> Sampling time | Q43: =IF(ISBLANK('Fishing Operation'!#REF!)=TRUE, 'Fishing Operation'!#REF!, "") | R43: =IF(ISBLANK('Fishing Operation'!A52)=TRUE, 'Fishing Operation'!F52, "") -> FOobservationCode | S43: =IF(ISBLANK('Fishing Operation'!A52)=TRUE, 'Fishing Operation'!M52, "") -> Indicator if the slipping, drop-outs, presorting and/or sorting was observed . The code is a combination of the observed first letters for Slipping, Drop-outs, Presorting and Sorting observation or None (= catches of fishing operation not observed). | T43: =IF(ISBLANK('Fishing Operation'!A53)=TRUE, 'Fishing Operation'!B53, "") -> 0 | U43: =IF(ISBLANK('Fishing Operation'!A75)=TRUE, 'Fishing Operation'!G68, "") -> FOauxVarValue | V43: =IF(ISBLANK(#REF!)=TRUE,#REF!, "") | W43: =IF(ISBLANK(#REF!)=TRUE,#REF!, "")
J44: =IF(ISBLANK('Temporal Event'!#REF!)=TRUE, 'Temporal Event'!#REF!, "") | K44: =IF(ISBLANK('Temporal Event'!#REF!)=TRUE, 'Temporal Event'!#REF!, "") | N44: =IF(ISBLANK('Onshore Event'!A11)=TRUE, 'Onshore Event'!F11, "") -> OSsamplingTime | O44: =IF(ISBLANK('Onshore Event'!A12)=TRUE, 'Onshore Event'!M12, "") -> Name of stratum ('U' for unstratified) | R44: =IF(ISBLANK('Fishing Operation'!A53)=TRUE, 'Fishing Operation'!F53, "") -> FOnumberTotal | S44: =IF(ISBLANK('Fishing Operation'!A53)=TRUE, 'Fishing Operation'!M53, "") -> Total number of unique fishing operation in the stratrum/cluster. | T44: =IF(ISBLANK('Fishing Operation'!A54)=TRUE, 'Fishing Operation'!B54, "") -> 0 | U44: =IF(ISBLANK('Fishing Operation'!A69)=TRUE, 'Fishing Operation'!G69, "") -> FOauxVarName
J45: =IF(ISBLANK('Temporal Event'!A20)=TRUE, 'Temporal Event'!F20, "") -> TEselectionMethodCluster | K45: =IF(ISBLANK('Temporal Event'!A20)=TRUE, 'Temporal Event'!M20, "") -> The method of selecting clusters | N45: =IF(ISBLANK('Onshore Event'!A12)=TRUE, 'Onshore Event'!F12, "") -> OSstratumName | O45: =IF(ISBLANK('Onshore Event'!A13)=TRUE, 'Onshore Event'!M13, "") -> Indicator existence and type of cluster sampling of units in that level of the sampling hierarchy | R45: =IF(ISBLANK('Fishing Operation'!A54)=TRUE, 'Fishing Operation'!F54, "") -> FOnumberSampled | S45: =IF(ISBLANK('Fishing Operation'!A54)=TRUE, 'Fishing Operation'!M54, "") -> The number of fishing operations sampled in this stratum/cluster. | T45: ='Fishing Operation'!B57 -> 0 | U45: =IF(ISBLANK('Fishing Operation'!A70)=TRUE, 'Fishing Operation'!G70, "") -> FOauxVarUnit
J46: =IF(ISBLANK('Temporal Event'!A21)=TRUE, 'Temporal Event'!F21, "") -> TEnumberTotalClusters | K46: =IF(ISBLANK('Temporal Event'!A21)=TRUE, 'Temporal Event'!M21, "") -> Total number of clusters in that level of the sampling hierarchy | N46: =IF(ISBLANK('Onshore Event'!A13)=TRUE, 'Onshore Event'!F13, "") -> OSclustering | O46: =IF(ISBLANK('Onshore Event'!A14)=TRUE, 'Onshore Event'!M14, "") -> Name or code of the cluster selected for sampling | R46: =IF(ISBLANK('Fishing Operation'!#REF!)=TRUE, 'Fishing Operation'!#REF!, "") | S46: =IF(ISBLANK('Fishing Operation'!#REF!)=TRUE, 'Fishing Operation'!#REF!, "") | T46: ='Fishing Operation'!B66 -> 0
J47: =IF(ISBLANK('Temporal Event'!A22)=TRUE, 'Temporal Event'!F22, "") -> TEnumberSampledClusters | K47: =IF(ISBLANK('Temporal Event'!A22)=TRUE, 'Temporal Event'!M22, "") -> Total number of clusters sampled | N47: =IF(ISBLANK('Onshore Event'!A14)=TRUE, 'Onshore Event'!F14, "") -> OSclusterName | O47: =IF(ISBLANK('Onshore Event'!A15)=TRUE, 'Onshore Event'!M15, "") -> Self-sampling, Observer, Control, Electronic Monitoring (EM). In the future potential combinations of e.g. observer and EM | R47: =IF(ISBLANK('Fishing Operation'!A57)=TRUE, 'Fishing Operation'!F57, "") -> FOselectionMethod | S47: =IF(ISBLANK('Fishing Operation'!A57)=TRUE, 'Fishing Operation'!M57, "") -> The method of selecting hauls for sampling
J48: =IF(ISBLANK('Temporal Event'!#REF!)=TRUE, 'Temporal Event'!#REF!, "") | K48: =IF(ISBLANK('Temporal Event'!#REF!)=TRUE, 'Temporal Event'!#REF!, "") | N48: =IF(ISBLANK('Onshore Event'!A15)=TRUE, 'Onshore Event'!F15, "") -> OSsampler | O48: =IF(ISBLANK('Onshore Event'!A16)=TRUE, 'Onshore Event'!M16, "") -> The unit of the time spent sampling | R48: =IF(ISBLANK('Fishing Operation'!A58)=TRUE, 'Fishing Operation'!F58, "") -> FOunitName | S48: =IF(ISBLANK('Fishing Operation'!A58)=TRUE, 'Fishing Operation'!M58, "") -> The unique name of this unit.
J49: =IF(ISBLANK('Temporal Event'!A26)=TRUE, 'Temporal Event'!F26, "") -> TEreasonNotSampled | K49: =IF(ISBLANK('Temporal Event'!A26)=TRUE, 'Temporal Event'!M26, "") -> Reason for not sampling | N49: =IF(ISBLANK('Onshore Event'!A16)=TRUE, 'Onshore Event'!F16, "") -> OStimeUnit | O49: =IF(ISBLANK('Onshore Event'!A17)=TRUE, 'Onshore Event'!M17, "") -> Time spent sampling | R49: =IF(ISBLANK('Fishing Operation'!A59)=TRUE, 'Fishing Operation'!F59, "") -> FOselectionMethodCluster | S49: =IF(ISBLANK('Fishing Operation'!A59)=TRUE, 'Fishing Operation'!M59, "") -> The method of selecting clusters
J50: =IF(ISBLANK('Temporal Event'!A27)=TRUE, 'Temporal Event'!F27, "") -> TEnonResponseCollected | K50: =IF(ISBLANK('Temporal Event'!A27)=TRUE, 'Temporal Event'!M27, "") -> Indicate whether non-responses were recorded at this sampling level. | N50: =IF(ISBLANK('Onshore Event'!A17)=TRUE, 'Onshore Event'!F17, "") -> OStimeValue | O50: =IF(ISBLANK('Onshore Event'!A18)=TRUE, 'Onshore Event'!M18, "") -> Total number of unique onshore events in this stratum/cluster. | R50: =IF(ISBLANK('Fishing Operation'!A60)=TRUE, 'Fishing Operation'!F60, "") -> FOnumberTotalClusters | S50: =IF(ISBLANK('Fishing Operation'!A60)=TRUE, 'Fishing Operation'!M60, "") -> Total number of clusters in that level of the sampling hierarchy
N51: =IF(ISBLANK('Onshore Event'!A18)=TRUE, 'Onshore Event'!F18, "") -> OSnumberTotal | O51: =IF(ISBLANK('Onshore Event'!A19)=TRUE, 'Onshore Event'!M19, "") -> The number of Onshore Event sampled in this stratum/cluster (Onshore Event will never sampled with replacement). | R51: =IF(ISBLANK('Fishing Operation'!A61)=TRUE, 'Fishing Operation'!F61, "") -> FOnumberSampledClusters | S51: =IF(ISBLANK('Fishing Operation'!A61)=TRUE, 'Fishing Operation'!M61, "") -> Total number of clusters sampled
J52: Location (LO) | N52: =IF(ISBLANK('Onshore Event'!A19)=TRUE, 'Onshore Event'!F19, "") -> OSnumberSampled | O52: =IF(ISBLANK('Onshore Event'!#REF!)=TRUE, 'Onshore Event'!#REF!, "") | R52: =IF(ISBLANK('Fishing Operation'!#REF!)=TRUE, 'Fishing Operation'!#REF!, "") | S52: =IF(ISBLANK('Fishing Operation'!#REF!)=TRUE, 'Fishing Operation'!#REF!, "")
J53: =IF(ISBLANK(Location!A2)=TRUE, Location!F2, "") | K53: =IF(ISBLANK(Location!A2)=TRUE, Location!M2, "") | N53: =IF(ISBLANK('Onshore Event'!#REF!)=TRUE, 'Onshore Event'!#REF!, "") | O53: =IF(ISBLANK('Onshore Event'!A22)=TRUE, 'Onshore Event'!M22, "") -> The method of selecting onshore events for sampling | R53: =IF(ISBLANK('Fishing Operation'!A65)=TRUE, 'Fishing Operation'!F65, "") -> FOreasonNotSampled | S53: =IF(ISBLANK('Fishing Operation'!A65)=TRUE, 'Fishing Operation'!M65, "") -> Reason for not sampling
J54: =IF(ISBLANK(Location!A3)=TRUE, Location!F3, "") | K54: =IF(ISBLANK(Location!A3)=TRUE, Location!M3, "") | N54: =IF(ISBLANK('Onshore Event'!A22)=TRUE, 'Onshore Event'!F22, "") -> OSselectionMethod | O54: =IF(ISBLANK('Onshore Event'!#REF!)=TRUE, 'Onshore Event'!#REF!, "") | R54: =IF(ISBLANK('Fishing Operation'!A66)=TRUE, 'Fishing Operation'!F66, "") -> FOnonResponseCollected | S54: =IF(ISBLANK('Fishing Operation'!A66)=TRUE, 'Fishing Operation'!M66, "") -> Indicate whether non-responses were recorded at this sampling level.
J55: =IF(ISBLANK(Location!A4)=TRUE, Location!F4, "") -> LOrecordType | K55: =IF(ISBLANK(Location!A4)=TRUE, Location!M4, "") -> Fixed value ('LO') | N55: =IF(ISBLANK('Onshore Event'!#REF!)=TRUE, 'Onshore Event'!#REF!, "") | O55: =IF(ISBLANK('Onshore Event'!#REF!)=TRUE, 'Onshore Event'!#REF!, "") | R55: =IF(ISBLANK('Fishing Operation'!A67)=TRUE, 'Fishing Operation'!F67, "") -> FOauxiliaryVariableTotal | S55: =IF(ISBLANK('Fishing Operation'!A67)=TRUE, 'Fishing Operation'!M67, "") -> The total value of auxiliary variable in the stratum | V55: Vessel Details (VD)
J56: =IF(ISBLANK(Location!A6)=TRUE, Location!F6, "") -> LOstratification | K56: =IF(ISBLANK(Location!A6)=TRUE, Location!M6, "") -> Indicator of presence ("Y") or absence ("N") of stratification of units in that level of the sampling hierarchy | N56: =IF(ISBLANK('Onshore Event'!A24)=TRUE, 'Onshore Event'!F24, "") -> OSselectionMethodCluster | O56: =IF(ISBLANK('Onshore Event'!A24)=TRUE, 'Onshore Event'!M24, "") -> The method of selecting clusters | R56: =IF(ISBLANK('Fishing Operation'!A75)=TRUE, 'Fishing Operation'!F68, "") -> FOauxiliaryVariableValue | S56: =IF(ISBLANK('Fishing Operation'!A75)=TRUE, 'Fishing Operation'!M68, "") -> The value of auxiliary variable in the sampled unit. | V56: =IF(ISBLANK(#REF!)=TRUE,#REF!, "") | W56: =IF(ISBLANK(#REF!)=TRUE,#REF!, "")
J57: =IF(ISBLANK(Location!#REF!)=TRUE, Location!#REF!, "") | K57: =IF(ISBLANK(Location!#REF!)=TRUE, Location!#REF!, "") | N57: =IF(ISBLANK('Onshore Event'!A25)=TRUE, 'Onshore Event'!F25, "") -> OSnumberTotalClusters | O57: =IF(ISBLANK('Onshore Event'!A25)=TRUE, 'Onshore Event'!M25, "") -> Total number of clusters in that level of the sampling hierarchy | R57: =IF(ISBLANK('Fishing Operation'!A69)=TRUE, 'Fishing Operation'!F69, "") -> FOauxiliaryVariableName | S57: =IF(ISBLANK('Fishing Operation'!A69)=TRUE, 'Fishing Operation'!M69, "") -> Name of the auxiliary variable | V57: =IF(ISBLANK(#REF!)=TRUE,#REF!, "") | W57: =IF(ISBLANK(#REF!)=TRUE,#REF!, "")
J58: =IF(ISBLANK(Location!A10)=TRUE, Location!F10, "") -> LOstratumName | K58: =IF(ISBLANK(Location!A10)=TRUE, Location!M10, "") -> Name of stratum ('U' for unstratified). | N58: =IF(ISBLANK('Onshore Event'!A26)=TRUE, 'Onshore Event'!F26, "") -> OSnumberSampledClusters | O58: =IF(ISBLANK('Onshore Event'!A26)=TRUE, 'Onshore Event'!M26, "") -> Total number of clusters sampled | R58: =IF(ISBLANK('Fishing Operation'!A70)=TRUE, 'Fishing Operation'!F70, "") -> FOauxiliaryVariableUnit | S58: =IF(ISBLANK('Fishing Operation'!A70)=TRUE, 'Fishing Operation'!M70, "") -> Auxiliary variable unit | V58: =IF(ISBLANK(#REF!)=TRUE,#REF!, "") | W58: =IF(ISBLANK(#REF!)=TRUE,#REF!, "")
J59: =IF(ISBLANK(Location!A11)=TRUE, Location!F11, "") -> LOclustering | K59: =IF(ISBLANK(Location!A11)=TRUE, Location!M11, "") -> Indicator existence and type of cluster sampling of units in that level of the sampling hierarchy | N59: =IF(ISBLANK('Onshore Event'!#REF!)=TRUE, 'Onshore Event'!#REF!, "") | O59: =IF(ISBLANK('Onshore Event'!#REF!)=TRUE, 'Onshore Event'!#REF!, "") | V59: =IF(ISBLANK(#REF!)=TRUE,#REF!, "") | W59: =IF(ISBLANK(#REF!)=TRUE,#REF!, "")
J60: =IF(ISBLANK(Location!A12)=TRUE, Location!F12, "") -> LOclusterName | K60: =IF(ISBLANK(Location!A12)=TRUE, Location!M12, "") -> Name or code of the cluster selected for sampling | N60: =IF(ISBLANK('Onshore Event'!A30)=TRUE, 'Onshore Event'!F30, "") -> OSreasonNotSampled | O60: =IF(ISBLANK('Onshore Event'!A30)=TRUE, 'Onshore Event'!M30, "") -> Reason for not sampling | V60: =IF(ISBLANK(#REF!)=TRUE,#REF!, "") | W60: =IF(ISBLANK(#REF!)=TRUE,#REF!, "")
J61: =IF(ISBLANK(Location!A13)=TRUE, Location!F13, "") -> LOsampler | K61: =IF(ISBLANK(Location!A13)=TRUE, Location!M13, "") -> Self-sampling, Observer, Control, Electronic Monitoring (EM). In the future potential combinations of e.g. observer and EM | N61: =IF(ISBLANK('Onshore Event'!A31)=TRUE, 'Onshore Event'!F31, "") -> OSnonResponseCollected | O61: =IF(ISBLANK('Onshore Event'!A31)=TRUE, 'Onshore Event'!M31, "") -> Indicate whether non-responses were recorded at this sampling level. | V61: =IF(ISBLANK(#REF!)=TRUE,#REF!, "") | W61: =IF(ISBLANK(#REF!)=TRUE,#REF!, "")
J62: =IF(ISBLANK(Location!A14)=TRUE, Location!F14, "") -> LOnumberTotal | K62: =IF(ISBLANK(Location!A14)=TRUE, Location!M14, "") -> Total number of unique locations in this stratum/cluster. | V62: =IF(ISBLANK(#REF!)=TRUE,#REF!, "") | W62: =IF(ISBLANK(#REF!)=TRUE,#REF!, "")
J63: =IF(ISBLANK(Location!A15)=TRUE, Location!F15, "") -> LOnumberSampled | K63: =IF(ISBLANK(Location!A15)=TRUE, Location!M15, "") -> The number of times the locations was sampled in this stratum/cluster (not necessarily an unique location, the same location could be sampled multiple times) . If 3 samples was made and one location was selected twice, the number of locations sampled is 3. | V63: =IF(ISBLANK(#REF!)=TRUE,#REF!, "") | W63: =IF(ISBLANK(#REF!)=TRUE,#REF!, "")
J64: =IF(ISBLANK(Location!#REF!)=TRUE, Location!#REF!, "") | K64: =IF(ISBLANK(Location!#REF!)=TRUE, Location!#REF!, "") | V64: =IF(ISBLANK(#REF!)=TRUE,#REF!, "") | W64: =IF(ISBLANK(#REF!)=TRUE,#REF!, "")
J65: =IF(ISBLANK(Location!A18)=TRUE, Location!F18, "") -> LOselectionMethod | K65: =IF(ISBLANK(Location!A18)=TRUE, Location!M18, "") -> The method of selecting units of time for sampling | V65: =IF(ISBLANK(#REF!)=TRUE,#REF!, "") | W65: =IF(ISBLANK(#REF!)=TRUE,#REF!, "")
J66: =IF(ISBLANK(Location!A19)=TRUE, Location!F19, "") -> LOunitName | K66: =IF(ISBLANK(Location!A19)=TRUE, Location!M19, "") -> The unique name of this unit. | N66: Landing Event (LE) | V66: =IF(ISBLANK(#REF!)=TRUE,#REF!, "") | W66: =IF(ISBLANK(#REF!)=TRUE,#REF!, "")
J67: =IF(ISBLANK(Location!A20)=TRUE, Location!F20, "") -> LOselectionMethodCluster | K67: =IF(ISBLANK(Location!A20)=TRUE, Location!M20, "") -> The method of selecting clusters | N67: =IF(ISBLANK('Landing event'!A2)=TRUE, 'Landing event'!F2, "") | O67: =IF(ISBLANK('Landing event'!A2)=TRUE,'Landing event'!M2, "") | V67: =IF(ISBLANK(#REF!)=TRUE,#REF!, "") | W67: =IF(ISBLANK(#REF!)=TRUE,#REF!, "")
J68: =IF(ISBLANK(Location!A21)=TRUE, Location!F21, "") -> LOnumberTotalClusters | K68: =IF(ISBLANK(Location!A21)=TRUE, Location!M21, "") -> Total number of clusters in that level of the sampling hierarchy | N68: =IF(ISBLANK('Landing event'!A3)=TRUE, 'Landing event'!F3, "") | O68: =IF(ISBLANK('Landing event'!A3)=TRUE,'Landing event'!M3, "") | V68: =IF(ISBLANK(#REF!)=TRUE,#REF!, "") | W68: =IF(ISBLANK(#REF!)=TRUE,#REF!, "")
J69: =IF(ISBLANK(Location!A22)=TRUE, Location!F22, "") -> LOnumberSampledClusters | K69: =IF(ISBLANK(Location!A22)=TRUE, Location!M22, "") -> Total number of clusters sampled | N69: =IF(ISBLANK('Landing event'!A4)=TRUE, 'Landing event'!F4, "") | O69: =IF(ISBLANK('Landing event'!A4)=TRUE,'Landing event'!M4, "") | V69: =IF(ISBLANK(#REF!)=TRUE,#REF!, "") | W69: =IF(ISBLANK(#REF!)=TRUE,#REF!, "")
J70: =IF(ISBLANK(Location!#REF!)=TRUE, Location!#REF!, "") | K70: =IF(ISBLANK(Location!#REF!)=TRUE, Location!#REF!, "") | N70: =IF(ISBLANK('Landing event'!A5)=TRUE, 'Landing event'!F5, "") | O70: =IF(ISBLANK('Landing event'!A5)=TRUE,'Landing event'!M5, "")
J71: =IF(ISBLANK(Location!A26)=TRUE, Location!F26, "") -> LOreasonNotSampled | K71: =IF(ISBLANK(Location!A26)=TRUE, Location!M26, "") -> Reason for not sampling | N71: =IF(ISBLANK('Landing event'!A6)=TRUE, 'Landing event'!F6, "") | O71: =IF(ISBLANK('Landing event'!A6)=TRUE,'Landing event'!M6, "")
J72: =IF(ISBLANK(Location!A27)=TRUE, Location!F27, "") -> LOnonResponseCollected | K72: =IF(ISBLANK(Location!A27)=TRUE, Location!M27, "") -> Indicate whether non-responses were recorded at this sampling level. | N72: =IF(ISBLANK('Landing event'!A7)=TRUE, 'Landing event'!F7, "") | O72: =IF(ISBLANK('Landing event'!A7)=TRUE,'Landing event'!M7, "")
J73: =IF(ISBLANK(Location!A35)=TRUE, Location!F28, "") -> LOauxiliaryVariableTotal | K73: =IF(ISBLANK(Location!A35)=TRUE, Location!M28, "") -> The total value of auxiliary variable in the stratum | N73: =IF(ISBLANK('Landing event'!A9)=TRUE, 'Landing event'!F9, "") | O73: =IF(ISBLANK('Landing event'!A9)=TRUE,'Landing event'!M9, "")
J74: =IF(ISBLANK(Location!A36)=TRUE, Location!F29, "") -> LOauxiliaryVariableValue | K74: =IF(ISBLANK(Location!A36)=TRUE, Location!M29, "") -> The value of auxiliary variable in the sampled unit. | N74: =IF(ISBLANK('Landing event'!A10)=TRUE, 'Landing event'!F10, "") -> LErecordType | O74: =IF(ISBLANK('Landing event'!A10)=TRUE,'Landing event'!M10, "") -> Fixed value ('LE')
N75: =IF(ISBLANK('Landing event'!A12)=TRUE, 'Landing event'!F12, "") -> LEstratification | O75: =IF(ISBLANK('Landing event'!A12)=TRUE,'Landing event'!M12, "") -> Indicator of presence ("Y") or absence ("N") of stratification of units in that level of the sampling hierarchy
N76: =IF(ISBLANK('Landing event'!A13)=TRUE, 'Landing event'!F13, "") -> LEsequenceNumber | O76: =IF(ISBLANK('Landing event'!A13)=TRUE,'Landing event'!M13, "") -> Sequential numbering by landing event. The sequence number identify the selections made with in each strata and cluster combination. Preperably representing the order of the selections.
N77: =IF(ISBLANK('Landing event'!A14)=TRUE, 'Landing event'!F14, "") -> LEhaulNumber | O77: =IF(ISBLANK('Landing event'!A14)=TRUE,'Landing event'!M14, "") -> The haul number (if there is one) for this LandingEvent record.
N78: =IF(ISBLANK('Landing event'!A15)=TRUE, 'Landing event'!F15, "") -> LEstratumName | O78: =IF(ISBLANK('Landing event'!A15)=TRUE,'Landing event'!M15, "") -> Name of stratum ('U' for unstratified). Typically Unstratified but could be e.g. demersal landings and pelagic landings.
N79: =IF(ISBLANK('Landing event'!A16)=TRUE, 'Landing event'!F16, "") -> LEclustering | O79: =IF(ISBLANK('Landing event'!A16)=TRUE,'Landing event'!M16, "") -> Indicator existence and type of cluster sampling of units in that level of the sampling hierarchy
N80: =IF(ISBLANK('Landing event'!A17)=TRUE, 'Landing event'!F17, "") -> LEclusterName | O80: =IF(ISBLANK('Landing event'!A17)=TRUE,'Landing event'!M17, "") -> Name or code of the cluster selected for sampling
N81: =IF(ISBLANK('Landing event'!A18)=TRUE, 'Landing event'!F18, "") -> LEsampler | O81: =IF(ISBLANK('Landing event'!A18)=TRUE,'Landing event'!M18, "") -> Self-sampling, Observer, Control, Electronic Monitoring (EM). In the future potential combinations of e.g. observer and EM
N82: =IF(ISBLANK('Landing event'!A19)=TRUE, 'Landing event'!F19, "") -> LEmixedTrip | O82: =IF(ISBLANK('Landing event'!A19)=TRUE,'Landing event'!M19, "") -> Have these landings come from a mix of trips?
N83: =IF(ISBLANK('Landing event'!A20)=TRUE, 'Landing event'!F20, "") -> LEcatchReg | O83: =IF(ISBLANK('Landing event'!A20)=TRUE,'Landing event'!M20, "") -> Registers what components of catch are expected in the species selection table options: All – either Catch or Lan+Dis rows expected next table); Lan – only landings expected in next table; Dis – only discard expected in next table; None – no next table.
I84: =IF(ISBLANK('Landing event'!A48)=TRUE, 'Landing event'!B48, "") -> 0 | N84: =IF(ISBLANK('Landing event'!A21)=TRUE, 'Landing event'!F21, "") -> LElocode | O84: =IF(ISBLANK('Landing event'!A21)=TRUE,'Landing event'!M21, "") -> The LOCODE for the location of this LandingEvent.
I85: =IF(ISBLANK('Landing event'!#REF!)=TRUE, 'Landing event'!#REF!, "") | N85: =IF(ISBLANK('Landing event'!A23)=TRUE, 'Landing event'!F23, "") -> LElocationType | O85: =IF(ISBLANK('Landing event'!A23)=TRUE,'Landing event'!M23, "") -> Type of LandingEvent location
I86: =IF(ISBLANK('Landing event'!A51)=TRUE, 'Landing event'!B51, "") -> 0 | N86: =IF(ISBLANK('Landing event'!A24)=TRUE, 'Landing event'!F24, "") -> LEcountry | O86: =IF(ISBLANK('Landing event'!A24)=TRUE,'Landing event'!M24, "") -> The country that this LandingEvent location is in.
I87: =IF(ISBLANK('Landing event'!A61)=TRUE, 'Landing event'!B61, "") -> 0 | N87: =IF(ISBLANK('Landing event'!A25)=TRUE, 'Landing event'!F25, "") -> LEdate | O87: =IF(ISBLANK('Landing event'!A25)=TRUE,'Landing event'!M25, "") -> The date of the LandingEvent
I88: =IF(ISBLANK('Landing event'!A63)=TRUE, 'Landing event'!B63, "") -> 0 | N88: =IF(ISBLANK('Landing event'!A26)=TRUE, 'Landing event'!F26, "") -> LEtime | O88: =IF(ISBLANK('Landing event'!A26)=TRUE,'Landing event'!M26, "") -> The time that this LandingEvent took place
I89: =IF(ISBLANK('Landing event'!A69)=TRUE, 'Landing event'!B65, "") -> 0 | N89: =IF(ISBLANK('Landing event'!A27)=TRUE, 'Landing event'!F27, "") -> LEexclusiveEconomicZoneIndicator | O89: =IF(ISBLANK('Landing event'!A27)=TRUE,'Landing event'!M27, "") -> Exclusive Economic Zone indicator.
I90: =IF(ISBLANK('Landing event'!A66)=TRUE, 'Landing event'!B66, "") -> 0 | N90: =IF(ISBLANK('Landing event'!A28)=TRUE, 'Landing event'!F28, "") -> LEarea | O90: =IF(ISBLANK('Landing event'!A28)=TRUE,'Landing event'!M28, "") -> The area that this LandingEvent was caught in.
N91: =IF(ISBLANK('Landing event'!A29)=TRUE, 'Landing event'!F29, "") -> LErectangle | O91: =IF(ISBLANK('Landing event'!A29)=TRUE,'Landing event'!M29, "") -> The rectangle that this LandingEvent was caught in.
N92: =IF(ISBLANK('Landing event'!A32)=TRUE, 'Landing event'!F32, "") -> LEjurisdictionArea | O92: =IF(ISBLANK('Landing event'!A32)=TRUE,'Landing event'!M32, "") -> Area belonging to a country or a part of an area used by Long Distance Fisheries.
N93: =IF(ISBLANK('Landing event'!#REF!)=TRUE, 'Landing event'!#REF!, "") | O93: =IF(ISBLANK('Landing event'!#REF!)=TRUE,'Landing event'!#REF!, "")
N94: =IF(ISBLANK('Landing event'!A35)=TRUE, 'Landing event'!F35, "") -> LEnationalFishingActivity | O94: =IF(ISBLANK('Landing event'!A35)=TRUE,'Landing event'!M35, "") -> Country specific national fishing gear
N95: =IF(ISBLANK('Landing event'!A36)=TRUE, 'Landing event'!F36, "") -> LEmetier5 | O95: =IF(ISBLANK('Landing event'!A36)=TRUE,'Landing event'!M36, "") -> Level 5 metier
N96: =IF(ISBLANK('Landing event'!A37)=TRUE, 'Landing event'!F37, "") -> LEmetier6 | O96: =IF(ISBLANK('Landing event'!A37)=TRUE,'Landing event'!M37, "") -> Level 6 metier
N97: =IF(ISBLANK('Landing event'!A38)=TRUE, 'Landing event'!F38, "") -> LEgear | O97: =IF(ISBLANK('Landing event'!A38)=TRUE,'Landing event'!M38, "") -> The FAO gear code.
N98: =IF(ISBLANK('Landing event'!A41)=TRUE, 'Landing event'!F41, "") -> LEmeshSize | O98: =IF(ISBLANK('Landing event'!A41)=TRUE,'Landing event'!M41, "") -> Mesh size
N99: =IF(ISBLANK('Landing event'!A42)=TRUE, 'Landing event'!F42, "") -> LEselectionDevice | O99: =IF(ISBLANK('Landing event'!A42)=TRUE,'Landing event'!M42, "") -> Selection device
N100: =IF(ISBLANK('Landing event'!A43)=TRUE, 'Landing event'!F43, "") -> LEselectionDeviceMeshSize | O100: =IF(ISBLANK('Landing event'!A43)=TRUE,'Landing event'!M43, "") -> Selection device mesh size (mm)
N101: =IF(ISBLANK('Landing event'!A44)=TRUE, 'Landing event'!F44, "") -> LEtargetSpecies | O101: =IF(ISBLANK('Landing event'!A44)=TRUE,'Landing event'!M44, "") -> Target species assemblage
...

Sheet Design
A1: Hide | B1: PK/FK | C1: Unique combination of fields | D1: Order | E1: Field Name Description | F1: Field Name | G1: R Name | H1: Type | I1: Required | J1: Basic checks | K1: Vocabulary code type | L1: Description | M1: Short Description
A2: Y | B2: PK | D2: Not in format | E2: Design ID | F2: DEid | G2: DEid | H2: Integer | L2: Automatic ID - PK of table. Internal to RDBES. Not to be filled in by users. | M2: Automatic ID - PK of table
D3: 1 | E3: Record type | F3: DErecordType | G3: DErecType | H3: String | I3: M | J3: DE | L3: Fixed value DE. | M3: Fixed value ('DE')
C4: Uk1 | D4: 2 | E4: Sampling scheme | F4: DEsamplingScheme | G4: DEsampScheme | H4: String | I4: M | J4: Code list | K4: SamplingScheme //vocab.ices.dk/?ref=1664 | L4: The name for the sampling scheme under which the data were collected. Contact support if you need your sampling scheme added | M4: Sampling Scheme Name
D5: 3 | E5: Sampling scheme type | F5: DEsamplingSchemeType | G5: DEsampSchemeType | H5: String | I5: M | J5: Code list | K5: SamplingSchemeType //vocab.ices.dk/?ref=1665 | L5: Indicating the sampling scheme type code list: 'Regional Routine', 'Regional Pilot', 'National Routine', 'National Pilot' or 'Research project'. Routine is continued maybe with updates each year. A pilot is a test of a routine so it is done for the first time for a short periode. Research is all other studies/projects. | M5: Sampling scheme type code list: 'Regional Routine', 'Regional Pilot', 'National Routine', 'National Pilot'.
C6: Uk1 | D6: 4 | E6: Year | F6: DEyear | G6: DEyear | H6: Integer | I6: M | J6: Code list | K6: Year //vocab.ices.dk/?ref=362 | L6: Year when sampling was done | M6: Year of sampling
C7: Uk1 | D7: 5 | E7: Design stratum | F7: DEstratumName | G7: DEstratumName | H7: String(100) | I7: M | L7: This is the sampling frame stratum. The field is kept here, because you could have different hierarchies between strata in a sampling scheme eg. a regional scheme. The name of the stratum, all strata should have a record in this table, one record per stratum. | M7: Sampling frame stratum.
D8: 6 | E8: Hierarchy correct | F8: DEhierarchyCorrect | G8: DEhierarchyCor | H8: String | I8: M | J8: Code list | K8: YesNoFields //vocab.ices.dk/?ref=316 | L8: Yes or No. "Yes", if you clearly idetified the hierarchy and estimates can be made following the design. "No", if the hierarchy was difficult to determine. | M8: Was the hierarchy clearly identified?
D9: 7 | E9: Hierarchy | F9: DEhierarchy | G9: DEhierarchy | H9: Integer | I9: M | J9: Code list | K9: RDBESUpperHierarchy //vocab.ices.dk/?ref=1627 | L9: A code refering to the upper hierarchy that the data was collected using (see documentation for explanation). | M9: Upper Hierarchy
D10: 8 | E10: Sampled | F10: DEsampled | G10: DEsamp | H10: String | I10: DV, M | J10: Code list | K10: YesNoFields //vocab.ices.dk/?ref=316 | L10: Indicate if the stratum was sampled: Yes/No. If "No" then no records are expected after the "Sampling Details" record.
D11: 9 | E11: Reason for not sampling | F11: DEreasonNotSampled | G11: DEnoSampReason | H11: String | I11: DV, O | J11: Code list | K11: ReasonForNotSampling //vocab.ices.dk/?ref=1641 | L11: Reason for not sampling | M11: Reason for not sampling
D12: 10 | E12: Non-response collected at this level | F12: DEnonResponseCollected | G12: DEnonResponseCollected | H12: String | I12: DV,O | J12: Code list | K12: YesNoFields //vocab.ices.dk/?ref=316 | L12: Indicate whether non-responses were recorded at this sampling level. | M12: Indicate whether non-responses were recorded at this sampling level.
D13: 11 | E13: Auxiliary Variable Total | F13: DEauxiliaryVariableTotal | G13: DEauxVarTot | H13: Decimal(3) | I13: DV, O | L13: The total value of auxiliary variable in the stratum (to be used in, e.g., ratio estimation). Auxiliary variables are 'extra' variables measured in association with the desired variable that might be used to increase precision of the estimate. | M13: The total value of auxiliary variable in the stratum
D14: 12 | E14: Auxiliary Variable Value | F14: DEauxiliaryVariableValue | G14: DEauxVarValue | H14: Decimal(3) | I14: DV, O | L14: The value of auxiliary variable in the sampled unit. Auxiliary variables are 'extra' variables measured in association with the desired variable that might be used to increase precision of the estimate. | M14: The value of auxiliary variable in the sampled unit.
D15: 13 | E15: Auxiliary Variable Name | F15: DEauxiliaryVariableName | G15: DEauxVarName | H15: String | I15: DV, O | J15: Code list | K15: AuxiliaryVariableName | L15: The name of the auxiliary variable. Auxiliary variables are 'extra' variables measured in association with the desired variable that might be used to increase precision of the estimate. | M15: Name of the auxiliary variable
D16: 14 | E16: Auxiliary Variable Unit | F16: DEauxiliaryVariableUnit | G16: DEauxVarUnit | H16: String | I16: DV, O | J16: Code list | K16: MUNIT http://vocab.ices.dk/?codetypeguid=c6aa874e-7477-43e4-af10-547f83b8779f | L16: Auxiliary variable measurement unit (e.g. %, hour, kg) | M16: Auxiliary variable unit

Sheet Temporal Event
A1: Hide | B1: PK/FK | C1: Unique combination of fields | D1: Order | E1: Field Name Description | F1: Field Name | G1: R Name | H1: Type | I1: Required | J1: Basic checks | K1: Vocabulary code type | L1: Description | M1: Short Description
A2: Y | B2: PK | D2: Not in format | E2: TemporalEventId | F2: TEid | G2: TEid | H2: Integer | L2: Automatic ID - PK of table. Internal to RDBES. Not to be filled in by users. | M2: Automatic ID - PK of table
A3: Y | B3: FK | C3: Uk1 | D3: Not in format | E3: SamplingDetailsId | F3: SDid | G3: SDid | H3: Integer | L3: Foreign key/link to the Sampling Details table. Internal to RDBES. Not to be filled in by users. | M3: Foreign key/link to the Sampling Details table
A4: Y | B4: FK | C4: Uk1 | D4: Not in format | E4: LocationId | F4: LOid | G4: LOid | H4: Integer | L4: Foreign key/link to the Location table. Internal to RDBES. Not to be filled in by users. | M4: Foreign key/link to the Location table
A5: Y | B5: FK | C5: Uk1 | D5: Not in format | E5: VesselSelectionId | F5: VSid | G5: VSid | H5: Integer | L5: Foreign key/link to the Vessel Selection table. Internal to RDBES. Not to be filled in by users. | M5: Foreign key/link to the Vessel Selection table
D6: 1 | E6: Record type | F6: TErecordType | G6: TErecType | H6: String | I6: M | L6: Fixed value ('TE') | M6: Fixed value ('TE')
C7: Uk1 | D7: 2 | E7: Sequence number | F7: TEsequenceNumber | G7: TEseqNum | H7: Integer | I7: M | L7: Sequential numbering by Temporal event. The sequence number identify the selections made with in each strata and cluster combination. Preperably representing the order of the selections. | M7: Sequential numbering by Temporal event. The sequence number identify the selections made. Preperably representing the order of the selections.
D8: 3 | E8: Stratification | F8: TEstratification | G8: TEstratification | H8: Y/N | I8: DV, M | J8: Code list | K8: YesNoFields //vocab.ices.dk/?ref=316 | L8: Indicator of presence (Y) or absence (N) of stratification of units of that sampling level | M8: Indicator of presence (Y) or absence (N) of stratification of units in that level of the sampling hierarchy
C9: Uk1 | D9: 4 | E9: Time unit | F9: TEtimeUnit | G9: TEtimeUnit | H9: String | I9: M | J9: Code list | K9: TimeUnit //vocab.ices.dk/?ref=1650 | L9: The time unit e.g. "week", "month", "season" | M9: The time unit e.g. "week"
D10: 5 | E10: Time stratum | F10: TEstratumName | G10: TEstratumName | H10: String | I10: DV, M | L10: Name of stratum ('U' for unstratified). Name should be as concise and meaningful as possible. | M10: Name of stratum ('U' for unstratified)
D11: 6 | E11: Temporal event clustering | F11: TEclustering | G11: TEclustering | H11: String | I11: DV, M | J11: Code list | K11: Clustering //vocab.ices.dk/?ref=1603 | L11: Indicator of absence ("No") or presence of one-stage cluster sampling ("1-stage")or two-stage cluster sampling ("2-stage") of units of that sampling level | M11: Indicator existence and type of cluster sampling of units in that level of the sampling hierarchy
D12: 7 | E12: Temporal event cluster name | F12: TEclusterName | G12: TEclusterName | H12: String | I12: DV, M | L12: Name or code of the cluster selected for sampling (cluster i) | M12: Name or code of the cluster selected for sampling
D13: 8 | E13: Sampler | F13: TEsampler | G13: TEsampler | H13: String | I13: O | J13: Code list | K13: Sampler //vocab.ices.dk/?ref=1639 | L13: Data collected by. E.g Selfsampling, Observer, Control, Imagery. In the future potential combinations of e.g. observer and EM. | M13: Data collected by. E.g Selfsampling, Observer, Control, Imagery. In the future potential combinations of e.g. observer and EM.
D14: 9 | E14: Number total | F14: TEnumberTotal | G14: TEnumTotal | H14: Integer | I14: DV, O | L14: Total number of unique time units in this stratum/cluster. | M14: Total number of unique time units in this stratum/cluster.
D15: 10 | E15: Time sampled | F15: TEnumberSampled | G15: TEnumSamp | H15: Integer | I15: DV, O | L15: The number of time units sampled in this stratum/cluster (not necessarily unique time units, the same time unit could be sampled more than once) . If 3 samples was made and one time unit was selected twice, the number of time units sampled is 3. | M15: The number of time units sampled in this stratum/cluster (not necessarily unique time units, the same time unit could be sampled more than once) . If 3 samples was made and one time unit was selected twice, the number of time units sampled is 3.
D16: 11 | E16: Selection probability | F16: TEselectionProb | G16: TEselProb | H16: Decimal(16) | I16: DV, O | J16: 0 - 1 | L16: The selection probability. | M16: Selection probability
D17: 12 | E17: Inclusion probability | F17: TEinclusionProb | G17: TEincProb | H17: Decimal(16) | I17: DV, O | J17: 0 - 1 | L17: The inclusion probability. | M17: Inclusion probability
D18: 13 | E18: Selection method | F18: TEselectionMethod | G18: TEselectMeth | H18: String | I18: DV, M | J18: Code list | K18: SelectionMethod //vocab.ices.dk/?ref=1637 | L18: The method of selecting units of time for sampling | M18: The method of selecting units of time for sampling
D19: 14 | E19: Sampling unit name | F19: TEunitName | G19: TEunitName | H19: String | I19: DV, M | L19: The name of this unit. Indicate a sampling unit may appear more than once. National identfier for the time unit e.g. "Week23", "March" etc. | M19: The name of this unit. Indicate a sampling unit may appear more than once. National identfier for the time unit e.g. "Week23", "March" etc.
D20: 15 | E20: Selection method cluster | F20: TEselectionMethodCluster | G20: TEselectMethCluster | H20: String | I20: DV, O | J20: Code list | K20: SelectionMethod //vocab.ices.dk/?ref=1637 | L20: The method of selecting clusters | M20: The method of selecting clusters
D21: 16 | E21: Total clusters | F21: TEnumberTotalClusters | G21: TEnumTotalClusters | H21: Integer | I21: DV, O | L21: Total number of clusters in that level of the sampling hierarchy / stratum. Used in 1-stage and 2-stage cluster sampling. When stratified it is the total number of clusters in each stratum | M21: Total number of clusters in that level of the sampling hierarchy
D22: 17 | E22: Sampled clusters | F22: TEnumberSampledClusters | G22: TEnumSampClusters | H22: Integer | I22: DV, O | L22: Number of clusters sampled. Used in 1-stage and 2-stage cluster sampling. When stratified it is number of clusters sampled in each stratum. | M22: Total number of clusters sampled
D23: 18 | E23: Cluster selection probability | F23: TEselectionProbCluster | G23: TEselProbCluster | H23: Decimal(16) | I23: DV, O | J23: 0 - 1 | L23: Used in 1st and 2nd stage cluster sampling. The selection probability of cluster i. | M23: The inclusion probability of the cluster.
D24: 19 | E24: Clusters inclusion probability | F24: TEinclusionProbCluster | G24: TEincProbCluster | H24: Decimal(16) | I24: DV, O | J24: 0 - 1 | L24: Used in 1st and 2nd stage cluster sampling. The inclusion probability of cluster i.
D25: 20 | E25: Sampled | F25: TEsampled | G25: TEsamp | H25: String | I25: DV, M | J25: Code list | K25: YesNoFields //vocab.ices.dk/?ref=316 | L25: Indicating if the unit was sampled: Yes/No. If No no child records are expected.
D26: 21 | E26: Reason for not sampling | F26: TEreasonNotSampled | G26: TEnoSampReason | H26: String | I26: DV, O | J26: Code list | K26: ReasonForNotSampling //vocab.ices.dk/?ref=1641 | L26: Reason for not sampling | M26: Reason for not sampling
D27: 22 | E27: Non-response collected at this level | F27: TEnonResponseCollected | G27: TEnonRespCol | H27: String | I27: DV,O | J27: Code list | K27: YesNoFields //vocab.ices.dk/?ref=316 | L27: Indicate whether non-responses were recorded at this sampling level. | M27: Indicate whether non-responses were recorded at this sampling level.
D28: 23 | E28: Auxiliary Variable Total | F28: TEauxiliaryVariableTotal | G28: TEauxVarTot | H28: Decimal(3) | I28: DV, O | L28: The total value of auxiliary variable in the stratum (to be used in, e.g., ratio estimation). Auxiliary variables are 'extra' variables measured in association with the desired variable that might be used to increase precision of the estimate. | M28: The total value of auxiliary variable in the stratum
D29: 24 | E29: Auxiliary Variable Value | F29: TEauxiliaryVariableValue | G29: TEauxVarValue | H29: Decimal(3) | I29: DV, O | L29: The value of auxiliary variable in the sampled unit. Auxiliary variables are 'extra' variables measured in association with the desired variable that might be used to increase precision of the estimate. | M29: The value of auxiliary variable in the sampled unit.
D30: 25 | E30: Auxiliary Variable Name | F30: TEauxiliaryVariableName | G30: TEauxVarName | H30: String | I30: DV, O | J30: Code list | K30: AuxiliaryVariableName | L30: The name of the auxiliary variable. Auxiliary variables are 'extra' variables measured in association with the desired variable that might be used to increase precision of the estimate. | M30: Name of the auxiliary variable
D31: 26 | E31: Auxiliary Variable Unit | F31: TEauxiliaryVariableUnit | G31: TEauxVarUnit | H31: String | I31: DV, O | J31: Code list | K31: MUNIT http://vocab.ices.dk/?codetypeguid=c6aa874e-7477-43e4-af10-547f83b8779f | L31: Auxiliary variable measurement unit (e.g. %, hour, kg) | M31: Auxiliary variable unit

Sheet Location
A1: Hide | B1: PK/FK | C1: Unique combination of fields | D1: Order | E1: Field Name Description | F1: Field Name | G1: R Name | H1: Type | I1: Required? | J1: Basic checks | K1: Vocabulary code type | L1: Description | M1: Short Description
A2: Y | B2: PK | D2: Not in format | E2: LocationId | F2: LOid | G2: LOid | H2: Integer | I2: M | L2: Automatic ID - PK of table. Internal to RDBES. Not to be filled in by users. | M2: Automatic ID - PK of table
A3: Y | B3: FK | C3: Uk1 | D3: Not in format | E3: SamplingDetailsId | F3: SDid | G3: SDid | H3: Integer | I3: M | L3: Foreign key/link to the Sampling Details table. Internal to RDBES. Not to be filled in by users. | M3: Foreign key/link to the Sampling Details table
D4: 1 | E4: Record type | F4: LOrecordType | G4: LOrecType | H4: String | I4: M | L4: Fixed value ('LO') | M4: Fixed value ('LO')
C5: Uk1 | D5: 2 | E5: Sequence number (added 26/3) | F5: LOsequenceNumber | G5: LOseqNum | H5: Integer | I5: M | L5: Sequential numbering by Location. The sequence number identify the selections made with in each strata and cluster combination. Preperably representing the order of the selections. | M5: Sequential numbering by Temporal event. The sequence number identify the selections made. Preperably representing the order of the selections.
D6: 3 | E6: Stratification | F6: LOstratification | G6: LOstratification | H6: Y/N | I6: DV, M | J6: Code list | K6: YesNoFields //vocab.ices.dk/?ref=316 | L6: Indicator of presence ("Y") or absence ("N") of stratification of units of that sampling level | M6: Indicator of presence ("Y") or absence ("N") of stratification of units in that level of the sampling hierarchy
D7: 4 | E7: Sampling locode | F7: LOlocode | G7: LOlocode | H7: String | I7: M | J7: LOCODE | K7: Harbour_LOCODE //vocab.ices.dk/?ref=1652 | L7: This will often be a harbour. LOCODE of sampling location. If sampling at a market this could be the LOCODE of the town the market is based in. | M7: LOCODE of sampling location. If sampling at a market this could be the LOCODE of the town the market is based in.
D8: 5 | E8: Sampling location | F8: LOlocationName | G8: LOlocName | H8: String | I8: O | L8: This will often be a harbour. Recommended to use national code for market, processer etc. Use to distinguish e.g. between a market and a port sampling at the same LOCODE. | M8: Recommended to use national code for market, processer etc. Use to distinguish e.g. between a market and a port sampling at the same LOCODE.
D9: 6 | E9: Sampling location type | F9: LOlocationType | G9: LOlocType | H9: String | I9: O | J9: Code list | K9: LocationType //vocab.ices.dk/?ref=1599 | L9: Sampling location type e.g. Port, AuctionHall, Market, FactoryShip.
D10: 7 | E10: Stratum | F10: LOstratumName | G10: LOstratumName | H10: String | I10: DV, M | L10: Name of stratum ('U' for unstratified). Name should be as concise and meaningful as possible. | M10: Name of stratum ('U' for unstratified).
D11: 8 | E11: Clustering | F11: LOclustering | G11: LOclustering | H11: String | I11: DV, M | J11: Code list | K11: Clustering //vocab.ices.dk/?ref=1603 | L11: Indicator of absence ("No") or presence of one-stage cluster sampling ("1-stage")or two-stage cluster sampling ("2-stage") of units of that sampling level | M11: Indicator existence and type of cluster sampling of units in that level of the sampling hierarchy
D12: 9 | E12: Cluster name | F12: LOclusterName | G12: LOclusterName | H12: String | I12: DV, M | L12: Name or code of the cluster selected for sampling (cluster i) | M12: Name or code of the cluster selected for sampling
D13: 10 | E13: Sampler | F13: LOsampler | G13: LOsampler | H13: String | I13: O | J13: Code list | K13: Sampler //vocab.ices.dk/?ref=1639 | L13: Data collected by: Self-sampling, Observer, Control, Electronic Monitoring (EM). In the future potential combinations of e.g. observer and EM. | M13: Self-sampling, Observer, Control, Electronic Monitoring (EM). In the future potential combinations of e.g. observer and EM
D14: 11 | E14: Number total | F14: LOnumberTotal | G14: LOnumTotal | H14: Integer | I14: DV, O | L14: Total number of unique locations in this stratum/cluster. | M14: Total number of unique locations in this stratum/cluster.
D15: 12 | E15: Location sampled | F15: LOnumberSampled | G15: LOnumSamp | H15: Integer | I15: DV, O | L15: The number of times the locations was sampled in this stratum/cluster (not necessarily an unique location, the same location could be sampled multiple times) . If 3 samples was made and one location was selected twice, the number of locations sampled is 3. | M15: The number of times the locations was sampled in this stratum/cluster (not necessarily an unique location, the same location could be sampled multiple times) . If 3 samples was made and one location was selected twice, the number of locations sampled is 3.
D16: 13 | E16: Selection probability | F16: LOselectionProb | G16: LOselProb | H16: Decimal(16) | I16: DV, O | J16: 0 - 1 | L16: The selection probability. | M16: Selection probability
D17: 14 | E17: Inclusion probability for location | F17: LOinclusionProb | G17: LOincProb | H17: Decimal(16) | I17: DV, O | J17: 0 - 1 | L17: The inclusion probability. | M17: Inclusion probability
D18: 15 | E18: Selection method | F18: LOselectionMethod | G18: LOselectMeth | H18: String | I18: DV, M | J18: Code list | K18: SelectionMethod //vocab.ices.dk/?ref=1637 | L18: The method of selecting units of time for sampling | M18: The method of selecting units of time for sampling
D19: 16 | E19: Sampling unit name | F19: LOunitName | G19: LOunitName | H19: String | I19: DV, M | L19: The unique name of this unit. Indicate a sampling unit may appear more than once. Can be national identfier for the location unit e.g. "harbour1", etc. | M19: The unique name of this unit.
D20: 17 | E20: Selection method cluster | F20: LOselectionMethodCluster | G20: LOselectMethCluster | H20: String | I20: DV, O | J20: Code list | K20: SelectionMethod //vocab.ices.dk/?ref=1637 | L20: The method of selecting clusters | M20: The method of selecting clusters
D21: 18 | E21: Total clusters | F21: LOnumberTotalClusters | G21: LOnumTotalClusters | H21: Integer | I21: DV, O | L21: Total number of clusters in that level of the sampling hierarchy / stratum. Used in 1-stage and 2-stage cluster sampling. When stratified it is the total number of clusters in each stratum | M21: Total number of clusters in that level of the sampling hierarchy
D22: 19 | E22: Sampled clusters | F22: LOnumberSampledClusters | G22: LOnumSampClusters | H22: Integer | I22: DV, O | L22: Number of clusters sampled. Used in 1-stage and 2-stage cluster sampling. When stratified it is number of clusters sampled in each stratum. | M22: Total number of clusters sampled
D23: 20 | E23: Cluster selection probability | F23: LOselectionProbCluster | G23: LOselProbCluster | H23: Decimal(16) | I23: DV, O | J23: 0 - 1 | L23: Used in 1st and 2nd stage cluster sampling. The selection probability of cluster i. | M23: The inclusion probability of the cluster.
D24: 21 | E24: Clusters inclusion probability | F24: LOinclusionProbCluster | G24: LOincProbCluster | H24: Decimal(16) | I24: DV, O | J24: 0 - 1 | L24: Used in 1st and 2nd stage cluster sampling. The inclusion probability of cluster i.
D25: 22 | E25: Sampled | F25: LOsampled | G25: LOsamp | H25: String | I25: DV, M | J25: Code list | K25: YesNoFields //vocab.ices.dk/?ref=316 | L25: Indicating if the unit was sampled: Yes/No. If No no child records are expected.
D26: 23 | E26: Reason for not sampling | F26: LOreasonNotSampled | G26: LOnoSampReason | H26: String | I26: DV, O | J26: Code list | K26: ReasonForNotSampling //vocab.ices.dk/?ref=1641 | L26: Reason for not sampling | M26: Reason for not sampling
D27: 24 | E27: Non-response collected at this level | F27: LOnonResponseCollected | G27: LOnonRespCol | H27: String | I27: DV,O | J27: Code list | K27: YesNoFields //vocab.ices.dk/?ref=316 | L27: Indicate whether non-responses were recorded at this sampling level. | M27: Indicate whether non-responses were recorded at this sampling level.
D28: 25 | E28: Auxiliary Variable Total | F28: LOauxiliaryVariableTotal | G28: LOauxVarTot | H28: Decimal(3) | I28: DV, O | L28: The total value of auxiliary variable in the stratum (to be used in, e.g., ratio estimation). Auxiliary variables are 'extra' variables measured in association with the desired variable that might be used to increase precision of the estimate. | M28: The total value of auxiliary variable in the stratum
D29: 26 | E29: Auxiliary Variable Value | F29: LOauxiliaryVariableValue | G29: LOauxVarValue | H29: Decimal(3) | I29: DV, O | L29: The value of auxiliary variable in the sampled unit. Auxiliary variables are 'extra' variables measured in association with the desired variable that might be used to increase precision of the estimate. | M29: The value of auxiliary variable in the sampled unit.
D30: 27 | E30: Auxiliary Variable Name | F30: LOauxiliaryVariableName | G30: LOauxVarName | H30: String | I30: DV, O | J30: Code list | K30: AuxiliaryVariableName | L30: The name of the auxiliary variable. Auxiliary variables are 'extra' variables measured in association with the desired variable that might be used to increase precision of the estimate. | M30: Name of the auxiliary variable
D31: 28 | E31: Auxiliary Variable Unit | F31: LOauxiliaryVariableUnit | G31: LOauxVarUnit | H31: String | I31: DV, O | J31: Code list | K31: MUNIT http://vocab.ices.dk/?codetypeguid=c6aa874e-7477-43e4-af10-547f83b8779f | L31: Auxiliary variable measurement unit (e.g. %, hour, kg) | M31: Auxiliary variable unit

Sheet Sampling Details
A1: Hide | B1: PK/FK | C1: Unique combination of fields | D1: Order | E1: Field Name Description | F1: Field Name | G1: R Name | H1: Type | I1: Required? | J1: Basic checks | K1: Vocabulary code type | L1: Description | M1: Short Description
A2: Y | B2: PK | D2: Not in format | E2: SamplingDetailsId | F2: SDid | G2: SDid | H2: Integer | I2: M | L2: Automatic ID - PK of table. Internal to RDBES. Not to be filled in by users. | M2: Automatic ID - PK of table
A3: Y | B3: FK | C3: Uk1 | D3: Not in format | E3: Design ID | F3: DEid | G3: DEid | H3: Integer | I3: M | L3: Foreign key/link to the Design table. Internal to RDBES. Not to be filled in by users. | M3: Foreign key/link to the Design table
D4: 1 | E4: Record type | F4: SDrecordType | G4: SDrecType | H4: String | I4: M | L4: Fixed value SD. | M4: Fixed value ('SD')
C5: Uk1 | D5: 2 | E5: Sampling country | F5: SDcountry | G5: SDctry | H5: String | I5: M | J5: Code list | K5: ISO_3166 //vocab.ices.dk/?ref=337 | L5: ISO 3166 alfa-2 codes, but also e.g. GB-SCT. The country that did the sampling | M5: Sampling Country
C6: Uk1 | D6: 3 | E6: Sampling institution | F6: SDinstitution | G6: SDinst | H6: String | I6: M | J6: Code list | K6: EDMO //vocab.ices.dk/?ref=1398 | L6: The sampling institution, i.e. those who actually did the sampling. This might not be the organization who ultimately provide the data to the RDB. | M6: Sampling Institute

Sheet Vessel Selection
A1: Hide | B1: PK/FK | C1: Unique combination of fields | D1: Order | E1: Field Name Description | F1: Field Name | G1: R Name | H1: Type | I1: Required? | J1: Basic checks | K1: Vocabulary code type | L1: Description | M1: Short Description
A2: Y | B2: PK | D2: Not in format | E2: VesselSelectionId | F2: VSid | G2: VSid | H2: Integer | I2: M | L2: Automatic ID - PK of table. Internal to RDBES. Not to be filled in by users. | M2: Automatic ID - PK of table
A3: Y | B3: FK | C3: Uk1 | D3: Not in format | E3: SamplingDetailsId | F3: SDid | G3: SDid | H3: Integer | I3: M | L3: Foreign key/link to the Sampling Details table. Internal to RDBES. Not to be filled in by users. | M3: Foreign key/link to the Sampling Details table
A4: Y | B4: FK | C4: Uk1 | D4: Not in format | E4: VesselDetailsId | F4: VDid | G4: VDid | H4: String | I4: M | L4: Foreign key/link to theVesselDetails table. Internal to RDBES. Not to be filled in by users. | M4: Foreign key/link to theVesselDetails table
A5: Y | B5: FK | C5: Uk1 | D5: Not in format | E5: TemporalEventId | F5: TEid | G5: TEid | H5: Integer | I5: M/O | L5: Mandatory if it TemporalEvent is in the hierarchy, otherwise it is optional. Foreign key/link to the TemporalEvent table. Internal to RDBES. Not to be filled in by users. | M5: Foreign key/link to the TemporalEvent table
D6: 1 | E6: Record type | F6: VSrecordType | G6: VSrecType | H6: String | I6: M | L6: Fixed value ('VS') | M6: Fixed value ('VS')
C7: Uk1 | D7: 2 | E7: Sequence number | F7: VSsequenceNumber | G7: VSseqNum | H7: Integer | I7: M | L7: Sequential numbering by vessel selection. The sequence number identify the selections made. Preperably representing the order of the selections. | M7: Sequential numbering by vessel selection. The sequence number identify the selections made. Preperably representing the order of the selections.
D8: 3 | E8: Encrypted vessel code | F8: VSencryptedVesselCode | G8: VSencrVessCode | H8: String(100) | I8: M | J8: VD table code list | L8: Encrypted vessel identifier max. 100 characters, encrypted by the national institute before it is upload. Id encrypted so that no-one can map the Id to the real vessel. This code it refering to the Encrypted Vessel Identifier field in the Vessel Details. | M8: Encrypted by the national institute before it is upload. This code it refering to the Encrypted Vessel Identifier field in the Vessel Details.
D9: 4 | E9: Stratification | F9: VSstratification | G9: VSstratification | H9: Y/N | I9: DV, M | J9: Code list | K9: YesNoFields //vocab.ices.dk/?ref=316 | L9: Indicator of presence ("Y") or absence ("N") of stratification of units of that sampling level | M9: Indicator of presence ("Y") or absence ("N") of stratification of units in that level of the sampling hierarchy
D10: 5 | E10: Vessel stratum | F10: VSstratumName | G10: VSstratumName | H10: String | I10: DV, M | L10: Name of stratum ('U' for unstratified). Name should be as concise and meaningful as possible. | M10: Name of stratum ('U' for unstratified).
D11: 6 | E11: Clustering | F11: VSclustering | G11: VSclustering | H11: String | I11: DV, M | J11: Code list | K11: Clustering //vocab.ices.dk/?ref=1603 | L11: Indicator of absence ("No") or presence of one-stage cluster sampling ("1-stage")or two-stage cluster sampling ("2-stage") of units of that sampling level | M11: Indicator existence and type of cluster sampling of units in that level of the sampling hierarchy
D12: 7 | E12: Cluster name | F12: VSclusterName | G12: VSclusterName | H12: String | I12: DV, M | L12: Name or code of the cluster selected for sampling (cluster i) ('U' for unclustered) | M12: Name or code of the cluster selected for sampling
D13: 8 | E13: Sampler | F13: VSsampler | G13: VSsampler | H13: String | I13: O | J13: Code list | K13: Sampler //vocab.ices.dk/?ref=1639 | L13: Data collected by: Self-sampling, Observer, Control, Electronic Monitoring (EM). In the future potential combinations of e.g. observer and EM. | M13: Self-sampling, Observer, Control, Electronic Monitoring (EM). In the future potential combinations of e.g. observer and EM
D14: 9 | E14: Number total | F14: VSnumberTotal | G14: VSnumTotal | H14: Integer | I14: DV, O | L14: Total number of unique vessels in this stratum/cluster. | M14: Total number of unique vessels in this stratum/cluster.
D15: 10 | E15: Number sampled | F15: VSnumberSampled | G15: VSnumSamp | H15: Integer | I15: DV, O | L15: The number of times vessels was sampled in this stratum/cluster (not necessarily unique vessels, the same vessel could be sampled multiple times) . If 3 samples was made and one vessel was selected twice, the number of vessels sampled is 3. | M15: The number of times vessels was sampled in this stratum/cluster (not necessarily unique vessels, the same vessel could be sampled multiple times) . If 3 samples was made and one vessel was selected twice, the number of vessels sampled is 3.
D16: 11 | E16: Selection probability | F16: VSselectionProb | G16: VSselProb | H16: Decimal(16) | I16: DV, O | J16: 0 - 1 | L16: The selection probability. | M16: Selection probability
D17: 12 | E17: Inclusion probability | F17: VSinclusionProb | G17: VSincProb | H17: Decimal(16) | I17: DV, O | J17: 0 - 1 | L17: The inclusion probability. | M17: Inclusion probability
D18: 13 | E18: Selection method | F18: VSselectionMethod | G18: VSselectMeth | H18: String | I18: DV, M | J18: Code list | K18: SelectionMethod //vocab.ices.dk/?ref=1637 | L18: The method of selecting vessels for sampling | M18: The method of selecting vessels for sampling
D19: 14 | E19: Sampling unit name | F19: VSunitName | G19: VSunitName | H19: String | I19: DV, M | L19: The unique name of this unit. Indicate a sampling unit may appear more than once. Can be national identfier for the vessel, frequently similary to the encrypted vessel identifyer. Do not use the real name of vessel or anything that can identify the vessel. e.g. "Vessel1", etc. | M19: The unique name of this unit. Indicate a sampling unit may appear more than once. Can be national identfier for the vessel, frequently similary to the encrypted vessel identifyer. Do not use the real name of vessel or anything that can identify the vessel. e.g. "Vessel1", etc.
D20: 15 | E20: Selection method cluster | F20: VSselectionMethodCluster | G20: VSselectMethCluster | H20: String | I20: DV, O | J20: Code list | K20: SelectionMethod //vocab.ices.dk/?ref=1637 | L20: The method of selecting clusters | M20: The method of selecting clusters
D21: 16 | E21: Total clusters | F21: VSnumberTotalClusters | G21: VSnumTotalClusters | H21: Integer | I21: DV, O | L21: Total number of clusters in that level of the sampling hierarchy / stratum. Used in 1-stage and 2-stage cluster sampling. When stratified it is the total number of clusters in each stratum | M21: Total number of clusters in that level of the sampling hierarchy
D22: 17 | E22: Sampled clusters | F22: VSnumberSampledClusters | G22: VSnumSampClusters | H22: Integer | I22: DV, O | L22: Number of clusters sampled. Used in 1-stage and 2-stage cluster sampling. When stratified it is number of clusters sampled in each stratum. | M22: Total number of clusters sampled
D23: 18 | E23: Cluster selection probability | F23: VSselectionProbCluster | G23: VSselProbCluster | H23: Decimal(16) | I23: DV, O | J23: 0 - 1 | L23: Used in 1st and 2nd stage cluster sampling. The selection probability of cluster i. | M23: The inclusion probability of the cluster.
D24: 19 | E24: Clusters inclusion probability | F24: VSinclusionProbCluster | G24: VSincProbCluster | H24: Decimal(16) | I24: DV, O | J24: 0 - 1 | L24: Used in 1st and 2nd stage cluster sampling. The inclusion probability of cluster i.
D25: 20 | E25: Sampled | F25: VSsampled | G25: VSsamp | H25: String | I25: DV, M | J25: Code list | K25: YesNoFields //vocab.ices.dk/?ref=316 | L25: Indicating if the unit was sampled: Yes/No. If No no child records are expected.
D26: 21 | E26: Reason for not sampling | F26: VSreasonNotSampled | G26: VSnoSampReason | H26: String | I26: DV, O | J26: Code list | K26: ReasonForNotSampling //vocab.ices.dk/?ref=1641 | L26: Reason for not sampling | M26: Reason for not sampling
D27: 22 | E27: Non-response collected at this level | F27: VSnonResponseCollected | G27: VSnonRespCol | H27: String | I27: DV,O | J27: Code list | K27: YesNoFields //vocab.ices.dk/?ref=316 | L27: Indicate whether non-responses were recorded at this sampling level. | M27: Indicate whether non-responses were recorded at this sampling level.
D28: 23 | E28: Auxiliary Variable Total | F28: VSauxiliaryVariableTotal | G28: VSauxVarTot | H28: Decimal(3) | I28: DV, O | L28: The total value of auxiliary variable in the stratum (to be used in, e.g., ratio estimation). Auxiliary variables are 'extra' variables measured in association with the desired variable that might be used to increase precision of the estimate. | M28: The total value of auxiliary variable in the stratum
D29: 24 | E29: Auxiliary Variable Value | F29: VSauxiliaryVariableValue | G29: VSauxVarValue | H29: Decimal(3) | I29: DV, O | L29: The value of auxiliary variable in the sampled unit. Auxiliary variables are 'extra' variables measured in association with the desired variable that might be used to increase precision of the estimate. | M29: The value of auxiliary variable in the sampled unit.
D30: 25 | E30: Auxiliary Variable Name | F30: VSauxiliaryVariableName | G30: VSauxVarName | H30: String | I30: DV, O | J30: Code list | K30: AuxiliaryVariableName | L30: The name of the auxiliary variable. Auxiliary variables are 'extra' variables measured in association with the desired variable that might be used to increase precision of the estimate. | M30: Name of the auxiliary variable
D31: 26 | E31: Auxiliary Variable Unit | F31: VSauxiliaryVariableUnit | G31: VSauxVarUnit | H31: String | I31: DV, O | J31: Code list | K31: MUNIT http://vocab.ices.dk/?codetypeguid=c6aa874e-7477-43e4-af10-547f83b8779f | L31: Auxiliary variable measurement unit (e.g. %, hour, kg) | M31: Auxiliary variable unit
A35: Reference to VD is done through; VSencryptedVesselCode, SDcountry, DEyear

Sheet Fishing Trip
A1: Hide | B1: PK/FK | C1: Unique combination of fields | D1: Order | E1: Field Name Description | F1: Field Name | G1: R Name | H1: Type | I1: Required | J1: Basic checks | K1: Vocabulary code type | L1: Description | M1: Short Description
A2: Y | B2: PK | D2: Not in format | E2: FishingTripID | F2: FTid | G2: FTid | H2: Integer | I2: M | L2: Automatic ID - PK of table. Internal to RDBES. Not to be filled in by users. | M2: Automatic ID - PK of table
A3: Y | B3: FK | D3: Not in format | E3: OnShoreEventID | F3: OSid | G3: OSid | H3: Integer | I3: M/O | L3: Mandatory if it OnshoreEvent is in the hierarchy, otherwise it is optional. Internal to RDBES. Not to be filled in by users. | M3: Foreign key/link to the OnshoreEvent table
A4: Y | B4: FK | D4: Not in format | E4: VesselSelectionID | F4: VSid | G4: VSid | H4: Integer | I4: M/O | L4: Mandatory if it Vessel is in the hierarchy, otherwise it is optional. Internal to RDBES. Not to be filled in by users. | M4: Foreign key/link to the Vessel table
A5: Y | B5: FK | D5: Not in format | E5: VesselDetailsID | F5: VDid | G5: VDid | H5: Integer | I5: M | L5: The vessel should always be known for a fishing trip. Internal to RDBES. Not to be filled in by users. | M5: Foreign key/link to the VesselDetails table
A6: Y | B6: FK | D6: Not in format | E6: SamplingDetailsId | F6: SDid | G6: SDid | H6: Integer | I6: M/O | L6: Foreign key/link to the Sampling Details table. Internal to RDBES. Not to be filled in by users. | M6: Foreign key/link to the Sampling Details table
A7: Y | B7: FK | D7: Not in format | E7: FishingOperationID | F7: FOid | G7: FOid | H7: Integer | I7: M/O | L7: Foreign key/link to the Fishing Operation table. Internal to RDBES. Not to be filled in by users. | M7: Foreign key/link to the Fishing Operation table
A8: Y | B8: FK | D8: Not in format | E8: TemporalEventId | F8: TEid | G8: TEid | H8: Integer | I8: M/O | L8: Foreign key/link to the Temporal Event table. Internal to RDBES. Not to be filled in by users. | M8: Foreign key/link to the Temporal Event table
D9: 1 | E9: Record type | F9: FTrecordType | G9: FTrecType | H9: String | I9: M | L9: Fixed value ('FT') | M9: Fixed value ('FT')
D10: 2 | E10: Encrypted vessel code | F10: FTencryptedVesselCode | G10: FTencrVessCode | H10: String(100) | I10: M | J10: VS table code list | L10: Encrypted vessel identifier max. 100 characters, encrypted by the national institute before it is upload. Id encrypted so that no-one can map the Id to the real vessel. This code should be used by the Encrypted Vessel Identifier field in the Vessel Selection. If the characteristics of the vessel change range group e.g. length group, then a new encrypted vessel code have to be inserted. If regional sampling schemes are use, then the vessels have to be coordinated across countries, so one vessel only appears as one record/vessel in this Vessel Details table.
C11: Uk1 | D11: 3 | E11: Sequence number | F11: FTsequenceNumber | G11: FTseqNum | H11: Integer | I11: M | L11: Sequential numbering by fishing trip. The sequence number identify the selections made. Preperably representing the order of the selections. | M11: Sequential numbering by fishing trip. The sequence number identify the selections made. Preperably representing the order of the selections.
D12: 4 | E12: Stratification | F12: FTstratification | G12: FTstratification | H12: Y/N | I12: DV, M | J12: Code list | K12: YesNoFields //vocab.ices.dk/?ref=316 | L12: Indicator of presence ("Y") or absence ("N") of stratification of units of that sampling level | M12: Indicator of presence ("Y") or absence ("N") of stratification of units in that level of the sampling hierarchy
D13: 5 | E13: Trip stratum | F13: FTstratumName | G13: FTstratumName | H13: String | I13: DV, M | L13: Name of stratum ('U' for unstratified). Name should be as concise and meaningful as possible. | M13: Name of stratum ('U' for unstratified)
D14: 6 | E14: Fishing trips clustering | F14: FTclustering | G14: FTclustering | H14: String | I14: DV, M | J14: Code list | K14: Clustering //vocab.ices.dk/?ref=1603 | L14: Indicator of absence ("No") or presence of one-stage cluster sampling ("1-stage")or two-stage cluster sampling ("2-stage") of units of that sampling level | M14: Indicator existence and type of cluster sampling of units in that level of the sampling hierarchy
D15: 7 | E15: Fishing trips cluster name | F15: FTclusterName | G15: FTclusterName | H15: String | I15: DV, M | L15: Name or code of the cluster selected for sampling (cluster i) ('U' for unclustered) | M15: Name or code of the cluster selected for sampling
D16: 8 | E16: Sampler | F16: FTsampler | G16: FTsampler | H16: String | I16: O | J16: Code list | K16: Sampler //vocab.ices.dk/?ref=1639 | L16: Data collected by: Self-sampling, Observer, Control, Electronic Monitoring (EM). In the future potential combinations of e.g. observer and EM. | M16: Self-sampling, Observer, Control, Electronic Monitoring (EM). In the future potential combinations of e.g. observer and EM
D17: 9 | E17: Sampling type | F17: FTsamplingType | G17: FTsampType | H17: String | I17: M | J17: Code list | K17: SamplingContext //vocab.ices.dk/?ref=1667 | L17: Indicating if the sampling is done 'At-Sea' or 'On-Shore' | M17: Indicating if the sampling is done 'At-Sea' or 'On-Shore'
D18: 10 | E18: Number of hauls or sets | F18: FTnumberOfHaulsOrSets | G18: FTfoNum | H18: Integer | I18: M/O | J18: 1-300 | L18: Total number of hauls/sets taken during the trip. Both the stations where biological measures were taken and the stations that were not worked up should be counted here. Mandatory when FTsampler == "Observer” and FTsamplingType == “at-sea”. | M18: Number of hauls/sets taken during the trip. Mandatory when FTsampler == "Observer” and FTsamplingType == “at-sea”.
D19: 11 | E19: Departure location | F19: FTdepartureLocation | G19: FTdepLoc | H19: String | I19: M/O | J19: Code list | K19: Harbour_LOCODE //vocab.ices.dk/?ref=1652 | L19: LOCODE of departure Location. Mandatory when FTsampler == "Observer” and FTsamplingType == “at-sea” | M19: LOCODE of departure Location. Mandatory when FTsampler == "Observer” and FTsamplingType == “at-sea”
D20: 12 | E20: Departure date | F20: FTdepartureDate | G20: FTdepDate | H20: String | I20: M/O | L20: Mandatory for the field 'Sampling type' = 'at-sea' sampling, optional for other 'onshore' sampling. “YYYY-MM-DD” (ISO 8601). The date of departure of the trip | M20: Departure date
D21: 13 | E21: Departure time | F21: FTdepartureTime | G21: FTdepTime | H21: String | I21: M/O | L21: "HH:MM". The time of departure of the trip. Mandatory when FTsampler == "Observer” and FTsamplingType == “at-sea” | M21: Departure time. Mandatory when FTsampler == "Observer” and FTsamplingType == “at-sea”
C22: Uk1 | D22: 14 | E22: Arrival location | F22: FTarrivalLocation | G22: FTarvLoc | H22: String | I22: M | J22: Code list | K22: Harbour_LOCODE //vocab.ices.dk/?ref=1652 | L22: LOCODE of arrival location | M22: LOCODE of arrival location
C23: Uk1 | D23: 15 | E23: Arrival date | F23: FTarrivalDate | G23: FTarvDate | H23: String | I23: M | L23: “YYYY-MM-DD” (ISO 8601). The date of arrival of the trip. | M23: Arrival Date
D24: 16 | E24: Arrival time | F24: FTarrivalTime | G24: FTarvTime | H24: String | I24: M/O | L24: "HH:MM". The arrival time of the trip. Mandatory when FTsampler == "Observer” and FTsamplingType == “at-sea” | M24: Arrival time. Mandatory when FTsampler == "Observer” and FTsamplingType == “at-sea”
D25: 17 | E25: Dominant landing date | F25: FTdominantLandingDate | G25: FTdomLanDate | H25: String | I25: O | J25: YYYY-MM-DD | L25: Dominant landing date, if several landings took place.
D26: 18 | E26: Fishing trip total | F26: FTnumberTotal | G26: FTnumTotal | H26: Integer | I26: DV, O | L26: Total number of unique trips in the stratum/cluster. | M26: Total number of unique trips in the stratum/cluster.
D27: 19 | E27: Fishing trips sampled | F27: FTnumberSampled | G27: FTnumSamp | H27: Integer | I27: DV, O | L27: The number of trips sampled in this stratum/cluster. | M27: The number of trips sampled in this stratum/cluster.
D28: 20 | E28: Selection probability | F28: FTselectionProb | G28: FTselProb | H28: Decimal(16) | I28: DV, O | J28: 0 - 1 | L28: The selection probability. | M28: Selection probability
D29: 21 | E29: Inclusion probability | F29: FTinclusionProb | G29: FTincProb | H29: Decimal(16) | I29: DV, O | J29: 0 - 1 | L29: The inclusion probability. | M29: Inclusion probability
D30: 22 | E30: Selection method | F30: FTselectionMethod | G30: FTselectMeth | H30: String | I30: DV, M | J30: Code list | K30: SelectionMethod //vocab.ices.dk/?ref=1637 | L30: The method of selecting fishing trips for sampling | M30: The method of selecting fishing trips for sampling
D31: 23 | E31: Sampling unit name | F31: FTunitName | G31: FTunitName | H31: String | I31: DV, M | L31: The unique name of this unit. This could be the national fishing trip code. | M31: The unique name of this unit.
D32: 24 | E32: Selection method cluster | F32: FTselectionMethodCluster | G32: FTselectMethCluster | I32: DV, O | J32: Code list | K32: SelectionMethod //vocab.ices.dk/?ref=1637 | L32: The method of selecting clusters | M32: The method of selecting clusters
D33: 25 | E33: Fishing trip total clusters | F33: FTnumberTotalClusters | G33: FTnumTotalClusters | H33: Integer | I33: DV, O | L33: Total number of clusters in that level of the sampling hierarchy / stratum. Used in 1-stage and 2-stage cluster sampling. When stratified it is the total number of clusters in each stratum | M33: Total number of clusters in that level of the sampling hierarchy
D34: 26 | E34: Fishing trip sampled clusters | F34: FTnumberSampledClusters | G34: FTnumSampClusters | H34: Integer | I34: DV, O | L34: Number of clusters sampled. Used in 1-stage and 2-stage cluster sampling. When stratified it is number of clusters sampled in each stratum. | M34: Total number of clusters sampled
D35: 27 | E35: Cluster selection probability | F35: FTselectionProbCluster | G35: FTselProbCluster | H35: Decimal(16) | I35: DV, O | J35: 0 - 1 | L35: Used in 1st and 2nd stage cluster sampling. The selection probability of cluster i. | M35: The inclusion probability of the cluster.
D36: 28 | E36: Clusters inclusion probability | F36: FTinclusionProbCluster | G36: FTincProbCluster | H36: Decimal(16) | I36: DV, O | J36: 0 - 1 | L36: Used in 1st and 2nd stage cluster sampling. The inclusion probability of cluster i.
D37: 29 | E37: Sampled | F37: FTsampled | G37: FTsamp | H37: String | I37: DV, M | J37: Code list | K37: YesNoFields //vocab.ices.dk/?ref=316 | L37: Indicating if the unit was sampled: Yes/No. If No no child records are expected.
D38: 30 | E38: Reason for not sampling | F38: FTreasonNotSampled | G38: FTnoSampReason | H38: String | I38: DV, O | J38: Code list | K38: ReasonForNotSampling //vocab.ices.dk/?ref=1641 | L38: Reason for not sampling | M38: Reason for not sampling
D39: 31 | E39: Non-response collected at this level | F39: FTnonResponseCollected | G39: FTnonRespCol | H39: String | I39: DV,O | J39: Code list | K39: YesNoFields //vocab.ices.dk/?ref=316 | L39: Indicate whether non-responses were recorded at this sampling level. | M39: Indicate whether non-responses were recorded at this sampling level.
D40: 32 | E40: Auxiliary Variable Total | F40: FTauxiliaryVariableTotal | G40: FTauxVarTot | H40: Decimal(3) | I40: DV, O | L40: The total value of auxiliary variable in the stratum (to be used in, e.g., ratio estimation). Auxiliary variables are 'extra' variables measured in association with the desired variable that might be used to increase precision of the estimate. | M40: The total value of auxiliary variable in the stratum
D41: 33 | E41: Auxiliary Variable Value | F41: FTauxiliaryVariableValue | G41: FTauxVarValue | H41: Decimal(3) | I41: DV, O | L41: The value of auxiliary variable in the sampled unit. Auxiliary variables are 'extra' variables measured in association with the desired variable that might be used to increase precision of the estimate. | M41: The value of auxiliary variable in the sampled unit.
D42: 34 | E42: Auxiliary Variable Name | F42: FTauxiliaryVariableName | G42: FTauxVarName | H42: String | I42: DV, O | J42: Code list | K42: AuxiliaryVariableName | L42: The name of the auxiliary variable. Auxiliary variables are 'extra' variables measured in association with the desired variable that might be used to increase precision of the estimate. | M42: Name of the auxiliary variable
D43: 35 | E43: Auxiliary Variable Unit | F43: FTauxiliaryVariableUnit | G43: FTauxVarUnit | H43: String | I43: DV, O | J43: Code list | K43: MUNIT http://vocab.ices.dk/?codetypeguid=c6aa874e-7477-43e4-af10-547f83b8779f | L43: Auxiliary variable measurement unit (e.g. %, hour, kg) | M43: Auxiliary variable unit

Sheet Fishing Operation
A1: Hide | B1: PK/FK | C1: Unique combination of fields | D1: Order | E1: Field Name Description | F1: Field Name | G1: R Name | H1: Type | I1: Required | J1: Basic checks | K1: Vocabulary code type | L1: Description | M1: Short Description
A2: Y | B2: PK | D2: Not in format | E2: FishingOperationID | F2: FOid | G2: FOid | H2: Integer | I2: M | L2: Automatic ID - PK of table. Internal to RDBES. Not to be filled in by users. | M2: Automatic ID - PK of table. Internal to RDBES. Not to be filled in by users.
A3: Y | B3: FK | C3: Uk1 | D3: Not in format | E3: FishingTripID | F3: FTid | G3: FTid | H3: Integer | I3: M/O | L3: Mandatory if it FishingTrip is in the hierarchy, otherwise it is optional. Foreign key/link to the FishingTrip table. Internal to RDBES. Not to be filled in by users. | M3: Foreign key/link to the FishingTrip table. Internal to RDBES. Not to be filled in by users.
A4: Y | B4: FK | D4: Not in format | E4: SamplingDetailsId | F4: SDid | G4: SDid | H4: Integer | I4: M/O | L4: Foreign key/link to the Sampling Details table. Use Fishing operation is primary sampling unit. Internal to RDBES. Not to be filled in by users. | M4: Foreign key/link to the Sampling Details table. Internal to RDBES. Not to be filled in by users.
D5: 1 | E5: Record type | F5: FOrecordType | G5: FOrecType | H5: String | I5: M | L5: Fixed value ('FO') | M5: Fixed value ('FO')
D6: 2 | E6: Stratification | F6: FOstratification | G6: FOstratification | H6: Y/N | I6: DV, M | J6: Code list | K6: YesNoFields //vocab.ices.dk/?ref=316 | L6: Indicator of presence ("Y") or absence ("N") of stratification of units of that sampling level | M6: Indicator of presence ("Y") or absence ("N") of stratification of units in that level of the sampling hierarchy
C7: Uk1 | D7: 3 | E7: Sequence number | F7: FOsequenceNumber | G7: FOseqNum | H7: Integer | I7: M | L7: Sequential numbering by trip. Typically the haul number. The sequence number identify the selections made with in each strata and cluster combination. Preperably representing the order of the selections.
D8: 4 | E8: Fishing operation stratum | F8: FOstratumName | G8: FOstratumName | H8: String | I8: DV, M | L8: Name of stratum ('U' for unstratified). Name should be as concise and meaningful as possible. | M8: Name of stratum ('U' for unstratified)
D9: 5 | E9: Clustering | F9: FOclustering | G9: FOclustering | H9: String | I9: DV, M | J9: Code list | K9: Clustering //vocab.ices.dk/?ref=1603 | L9: Indicator of absence ("No") or presence of one-stage cluster sampling ("1-stage")or two-stage cluster sampling ("2-stage") of units of that sampling level | M9: Indicator existence and type of cluster sampling of units in that level of the sampling hierarchy
D10: 6 | E10: Cluster name | F10: FOclusterName | G10: FOclusterName | H10: String | I10: DV, M | L10: Name or code of the cluster selected for sampling (cluster i) ('U' for unclustered) | M10: Name or code of the cluster selected for sampling
D11: 7 | E11: Sampler | F11: FOsampler | G11: FOsampler | H11: String | I11: O | J11: Code list | K11: Sampler //vocab.ices.dk/?ref=1639 | L11: Data collected by: Self-sampling, Observer, Control, Electronic Monitoring (EM). In the future potential combinations of e.g. observer and EM. | M11: Self-sampling, Observer, Control, Electronic Monitoring (EM). In the future potential combinations of e.g. observer and EM
D12: 8 | E12: Aggregation level | F12: FOaggregationLevel | G12: FOaggLev | H12: String | I12: M | J12: Code list | K12: AggregationLevel //vocab.ices.dk/?ref=1607 | L12: H=haul. T=trip. Use Haul if associated catch is recorded at haul level. Use Trip is catch is recorded at trip level. Note: Recording of trip in FO table is required so that the hierarchy does not have to branch at trip level. | M12: Aggrgation level (H=haul. T=trip)
D13: 9 | E13: Fishing validity | F13: FOvalidity | G13: FOval | H13: String | I13: M | J13: Code list | K13: ValidityFlag //vocab.ices.dk/?ref=1722 | L13: I=Invalid. V=Valid. Use I if some technical issue occurred during the fishing opertaion (e.g., crossed doors, loss of a part of the nets during retrieval, etc). Do not use "I" to signal sampling problems - these should be flagged elsewhere. | M13: Haul validity
D14: 10 | E14: Catch registration | F14: FOcatchReg | G14: FOcatReg | H14: String | I14: M | J14: Code list | K14: CatchRegistration //vocab.ices.dk/?ref=1604 | L14: Parts of the catch sampled. This registers what components of catch are expected in the species selection table options: All – Catch/Lan+Dis rows expected next table; Lan – only landings expected in next table; Dis – only discard expected in next table; None – no next table. This field is for calculating zero for discards/landings and distuinguish between sampling protocols between hauls. | M14: Registers what components of catch are expected in the species selection table options
D15: 11 | E15: Start date | F15: FOstartDate | G15: FOstartDate | H15: String | I15: O | L15: Date when of the gear start. "YYYY-MM-DD" (UTC). date of shooting (active) or last setting (passive) of the gear. | M15: Date when of the gear start. "YYYY-MM-DD" (UTC). date of shooting (active) or last setting (passive) of the gear.
D16: 12 | E16: Start time | F16: FOstartTime | G16: FOstartTime | H16: String | I16: O | L16: Time when of the gear start. "HH:MM"… in UTC. Time of shooting (active) or last setting (passive) of the gear- | M16: Time when of the gear start. "HH:MM"… in UTC. Time of shooting (active) or last setting (passive) of the gear-
D17: 13 | E17: End date | F17: FOendDate | G17: FOendDate | H17: String | I17: M | L17: Date when the fishing operation ends or catch is removed (e.g., if the gear remains in water). "YYYY-MM-DD" (UTC). If FOaggregationLevel == T, this coincides with arrivalDate of trip. | M17: Date when the fishing operation ends or catch is removed (e.g., if the gear remains in water). "YYYY-MM-DD" (UTC). If FOaggregationLevel == T, this coincides with arrivalDate of trip.
D18: 14 | E18: End time | F18: FOendTime | G18: FOendTime | H18: String | I18: M/O | L18: Time when the fishing operation ends or catch is removed (e.g., if the gear remains in water). "HH:MM"… in UTC. Mandatory when FTsampler == “Observer” and FTsamplingType == “at-sea”. | M18: Time when the fishing operation ends or catch is removed (e.g., if the gear remains in water). "HH:MM"… in UTC. Mandatory when FTsampler == “Observer” and FTsamplingType == “at-sea”.
D19: 15 | E19: Fishing duration | F19: FOduration | G19: FOdur | H19: Integer | I19: M/O | L19: In minutes. Time spent towing (active) or soaking (passive). Mandatory when FTsampler == “Observer” and FTsamplingType == “at-sea”. | M19: Time spent towing (active) or soaking (passive) in minutes . Mandatory when FTsampler == “Observer” and FTsamplingType == “at-sea”.
D20: 16 | E20: Fishing duration data basis | F20: FOfishingDurationDataBasis | G20: FOfishDurDatBas | H20: String | I20: M | J20: Code list | K20: DataBasis //vocab.ices.dk/?ref=1767 | L20: Fishing duration data are determined from: “Official”, "Estimated", "Measured", "NotKnown" or "NotApplicable" data. The more detailed source is specified in the related source field. | M20: Fishing duration data are determined from: “Official”, "Estimated", "Measured", "NotKnown" or "NotApplicable" data. The more detailed source is specified in the related source field.
D21: 17 | E21: Fishing duration source | F21: FOdurationSource | G21: FOdurSou | H21: String | I21: M | J21: Code list | K21: DataSource //vocab.ices.dk/?ref=1768 | L21: Independent Duration recorded by independent staff deployed onboard (observers, control). When DurationDataBasis is “Official”, allowed codes are "Logb" "CombOD" , "OthDF". When DurationDataBasis is “Estimated”, allowed codes are: "Exprt", "Crew", "Observer", "NotApplicable" When DurationDataBasis is “Measured”, allowed codes are: "Crew" and "Observer". Report “Unknown” and “Not Applicable” when DataBasisOfStatisticalRectangle is “Unknown” and “Not Applicable” respectively. | M21: Independent Duration recorded by independent staff deployed onboard (observers, control).
D22: 18 | E22: Handling time | F22: FOhandlingTime | G22: FOhandTime | H22: Integer | I22: O | L22: In Minutes. Time spent handling the gear. Measured as: end of FO to the completion of catch removal from the gear (in active gears), time spent checking the gear (in passive gears). | M22: In Minutes. Time spent handling the gear. Measured as: end of FO to the completion of catch removal from the gear (in active gears), time spent checking the gear (in passive gears). When DurationDataBasis is “Estimated”, Allowed codes are: "Exprt", "Crew", "Observer", "NotApplicable" When DurationDataBasis is “Measured”, allowed codes are: "Crew" and "Observer". Report “Unknown” and “Not Applicable” when DataBasisOfStatisticalRectangle is “Unknown” and “Not Applicable” respectively.
D23: 19 | E23: Shooting (start) position latitude. | F23: FOstartLat | G23: FOstartLat | H23: Decimal(6) | I23: O | J23: -90.000000 - 90.000000 | L23: Shooting (start) position in decimal degrees of latitude. | M23: Shooting (start) position in decimal degrees of latitude.
D24: 20 | E24: Shooting (start) position longitude. | F24: FOstartLon | G24: FOstartLon | H24: Decimal(6) | I24: O | J24: -180.000000 - 180.000000 | L24: Shooting (start) position in decimal degrees of longitude. | M24: Shooting (start) position in decimal degrees of longitude.
D25: 21 | E25: Hauling (stop) position latitude. | F25: FOstopLat | G25: FOstopLat | H25: Decimal(6) | I25: O | J25: -90.000000 - 90.000000 | L25: Hauling (stop) position in decimal degrees of latitude. Mandatory for the Sampling type 'At-sea' in Fishing Trip. | M25: Hauling (stop) position in decimal degrees of latitude.
D26: 22 | E26: Hauling (stop) position longitude. | F26: FOstopLon | G26: FOstopLon | H26: Decimal(6) | I26: O | J26: -180.000000 - 180.000000 | L26: Hauling (stop) position in decimal degrees of longitude. | M26: Hauling (stop) position in decimal degrees of longitude.
D27: 23 | E27: Exclusive economic zone indicator | F27: FOexclusiveEconomicZoneIndicator | G27: FOeconZoneIndi | H27: String | I27: O | J27: Code list | K27: EEZI https://vocab.ices.dk/?CodeTypeRelID=1621&CodeID=249075 | L27: Exclusive Economic Zone indicator. Only relevant for EU countries exporting to FDI “EU”: EU waters, “RFMO”: International waters, “COAST”: non-EU coastal waters | M27: Exclusive Economic Zone indicator.
D28: 24 | E28: Area | F28: FOarea | G28: FOarea | H28: String | I28: M | J28: Code list | K28: ICES_Area //vocab.ices.dk/?ref=358 | L28: If aggregationlevel is over all hauls/aggregationlevel= Trip, then use dominant area level 3, if aggregationlevel= haul then use area level 3 (level 4 for Baltic, Mediterranean, and Black Seas) in the Data Collection Regulation (EC, 2008a, 2008b). Use the stat. rect./area, where most fishing is done, if in doubt use the stat. rect/area where the fishing ends. If both the stat. rect and area, then they should be consistent. | M28: Area level 3 in the DCR.
D29: 25 | E29: Statistical rectangle | F29: FOrectangle | G29: FOstatRect | H29: String | I29: O | J29: Code list | K29: StatRec //vocab.ices.dk/?ref=107 | L29: If aggregationlevel is over all hauls/aggregationlevel= Trip, then use dominant area level 5, if aggregationlevel= haul then use area level 5 in the Data Collection Regulation (EC, 2008a, 2008b). This is the ICES statistical rectangles (e.g. 41G9) except for the Mediterranean and Black Seas, where GFCM geographical subareas (GSAs) are used, in such case use '-9'. Use the stat. rect., where most fishing is done, if in doubt use the stat. rect/area where the fishing ends. If both the stat. rect and area, then they should be consistent. | M29: Area level 5 in the DCR
D30: 26 | E30: Fisheries management unit | F30: FOfisheriesManagementUnit | G30: FOfishManUnit | H30: String | I30: O | J30: Code list | K30: AreaNonFAO | L30: If aggregationlevel is over all hauls/aggregationlevel= Trip, then use Dominant Fisheries management unit codes can be used for further refine the spatial component. Example, this can be use to individualise catches and samples of e.g. redfish stocks below and above 500 m depth, Norwegian costal cod 12 mile from coastline, Nephrops where it cannot be defined by the statistical rectangle. | M30: If aggregationlevel is over all hauls/aggregationlevel= Trip, then use dominant Fisheries management unit codes are used when stocks need further refine, e.g. Redfish stocks below and above 500 m depth, Norwegian costal cod 12 mile from coastline.
D31: 27 | E31: GSA subarea | F31: FOgsaSubarea | G31: FOgsaSubarea | H31: String | I31: M | J31: Code list | K31: Areas_GFCM_GSA //vocab.ices.dk/?ref=1517 | L31: GSA subarea, mandatory for FAO area 37 (Mediterranean and Black Sea). (Use 'NotApplicable' if not fishing in the area) | M31: GSA subarea, mandatory for FAO area 37 (Mediterranean and Black Sea). (Use 'NotApplicable' if not fishing in the area)
D32: 28 | E32: Jurisdiction area | F32: FOjurisdictionArea | G32: FOjurisdArea | H32: String | I32: O | J32: Code list | K32: JurisdictionArea //vocab.ices.dk/?ref=1662 | L32: Area belonging to a country or a part of an area among others used by Long Distance Fisheries. | M32: Area belonging to a country or a part of an area among others used by Long Distance Fisheries.
D33: 29 | E33: Geographical data basis | F33: FOgeographicalDataBasis | G33: FOgeoDatBas | H33: String | I33: O | J33: Code list | K33: DataBasis //vocab.ices.dk/?ref=1767 | L33: Geographical data are determined from allowed codes: 'Official', 'Estimated', 'Measured', 'NotKnown' or 'NotApplicable' data. The more detailed source is specified in the related source field. | M33: Geographical data are determined from allowed codes: 'Official', 'Estimated', 'Measured', 'NotKnown' or 'NotApplicable' data. The more detailed source is specified in the related source field.
D34: 30 | E34: Geographical Source | F34: FOgeographicalSource | G34: FOgeoSou | H34: String | I34: O | J34: Code list | K34: DataSource //vocab.ices.dk/?ref=1768 | L34: The source of the geographical data. When GeographicalDataBasis is “Official”, allowed codes are: "Logb" (Logbook), "SalN" (Sales Notes), "PosDat" (Positional Data), "VMS", "NotApplicable". When GeographicalDataBasis is “Estimated”, allowed codes are:"HarbLoc" (Harbor Location), "PosDat", "Crew", "Observer", "Exprt" (Expert Judgement), "CombOD" (Combination of official data), "NotApplicable". When GeographicalDataBasis is “Measured”, allowed codes are: "Crew", "Observer", Report “Unknown” and “Not Applicable” when GeographicalDataBasis is “Unknown” and “Not Applicable” respectively. | M34: The source of the geographical data.
D35: 31 | E35: Mean fishing depth | F35: FOfishingDepth | G35: FOdep | H35: Integer | I35: O | L35: Mean depth of gear (average of gear depth at start and end of the fishing operation). | M35: Mean depth of gear
D36: 32 | E36: Mean water depth | F36: FOwaterDepth | G36: FOwaterDep | H36: Integer | I36: O | L36: Mean depth of location (average of location depth at start and end of the fishing operation) | M36: Mean depth of location
D37: 33 | E37: National fishing activity | F37: FOnationalFishingActivity | G37: FOnatFishAct | H37: String | I37: O | J37: Code list | K37: NationalFishingActivity //vocab.ices.dk/?ref=1614 | L37: Country specific fishing activity (like a métier on lower level). The national fishing activity as defined by each country on a lower resolution, e.g. at the gear type level which is the same as metier level 4. Each code within this vocabulary should have the relevent ISO_3166 country code pre-pended e.g. "DK_OTB_...". Countries can request new codes to be added to the list by emailing ICES Data Centre. | M37: Country specific national fishing activity
D38: 34 | E38: Metier level 5 fishing activity | F38: FOmetier5 | G38: FOmetier5 | H38: String | I38: O | J38: Code list | K38: Metier5_FishingActivity //vocab.ices.dk/?ref=1651 | L38: Fishing gear metier level 5. Level 5 as defined in a fishing gear hierarchic structure in the Data Collection Regulation (EC, 2008a, 2008b). | M38: Level 5 metier
D39: 35 | E39: Metier level 6 fishing activity | F39: FOmetier6 | G39: FOmetier6 | H39: String | I39: M | J39: Code list | K39: Metier6_FishingActivity //vocab.ices.dk/?ref=1647 | L39: Fishing gear metier level 6. Level 6 as defined in a fishing gear hierarchic structure in the Data Collection Regulation (EC, 2008a, 2008b). Level 6 is further specified by the Regional Coordination Meetings (EC RCMs, Council Regulation [EC] No 1543/2000) or any later authorized revision. | M39: Level 6 metier
D40: 36 | E40: Gear type | F40: FOgear | G40: FOgear | H40: String | I40: M | J40: Code list | K40: GearType //vocab.ices.dk/?ref=1653 | L40: FAO Code of gear | M40: FAO Code of gear
D41: 37 | E41: Gear data basis | F41: FOgearDataBasis | G41: FOgeaDatBas | H41: String | I41: O | J41: Code list | K41: DataBasis //vocab.ices.dk/?ref=1767 | L41: Gear data are determined from allowed codes: 'Official', 'Estimated', 'Measured', 'NotKnown' or 'NotApplicable' data. The more detailed source is specified in the related source field.
D42: 38 | E42: Gear Source | F42: FOgearSource | G42: FOgeaSou | H42: String | I42: O | J42: Code list | K42: DataSource //vocab.ices.dk/?ref=1768 | L42: The source of the gear data. When GearDataBasis is “Official”, allowed codes are: "Logb" (Logbook), "CombOD" (Combination of official data sources), "ΟthDF" (Other declarative forms), "NotApplicable". When GearDataBasis is “Estimated”, allowed codes are:"SampDS" (Survey Data), "SampDC" )Commercial sampling data), "Exprt" (Expert Evaluation), "CombOD", "Crew", "Observer", "NotApplicable". When GearDataBasis is “Measured”, allowed codes are: "Crew", "Observer", Report “Unknown” and “Not Applicable” when GearDataBasis is “Unknown” and “Not Applicable” respectively.
D43: 39 | E43: Mesh size | F43: FOmeshSize | G43: FOmeshSize | H43: Integer | I43: O | L43: Mesh size (mm). The following: LLD, LLS, LHM, LHP, LL, FPO cannot insert mesh size. | M43: Mesh size (mm). The following: LLD, LLS, LHM, LHP, LL, FPO cannot insert mesh size.
D44: 40 | E44: Selection device | F44: FOselectionDevice | G44: FOselDev | H44: Integer | I44: O | J44: Code list | K44: SelectionDevice //vocab.ices.dk/?ref=1638 | L44: Selection device. A selection device is defined as a square-meshed panel or window that is inserted into a towed net. All of codes relates to mitigation measures that reduce general by-catch of commercials fisheries, not specific measures for mitigation of incidental by-catch (compare with BycatchMitigationDevice). | M44: Selection device. Note: this is different from IncidentalByCatchMitigateDevices.
D45: 41 | E45: Mesh size in selection device | F45: FOselectionDeviceMeshSize | G45: FOselDevMeshSize | H45: Integer | I45: O | L45: In mm. The mesh size of a square-meshed panel or window shall mean the smallest determinable mesh size of such a panel or window and if there are two. | M45: Selection device mesh size (mm)
D46: 42 | E46: Target species assemblage | F46: FOtargetSpecies | G46: FOtarget | H46: String | I46: O | J46: Code list | K46: TargetSpecies //vocab.ices.dk/?ref=1661 | L46: Target species assemblage | M46: Target species assemblage
D47: 43 | E47: First incidental by catch mitigation device | F47: FOincidentalByCatchMitigationDeviceFirst | G47: FOincBycMitigDevFirst | H47: String | I47: M | J47: Code list | K47: BycatchMitigationDevice //vocab.ices.dk/?ref=1680 | L47: First incidental by-catch mitigation device. 'None' when device is not present. See details in code list: this variable relates to devices specific for mitigation of incidental by-catch species, not general mitigation measures aimed at reducing general by-catch of commercials fisheries (compare with RS_SelectionDevice). E.g. a grid for seals should be reported but not a Nephrops grid (those go under FOselectionDevice). Find more on types of mitigation devices for incidental by-catch in Hamilton & Baker 2019 Rev Fish Biol Fisheries 29, 223–247 | M47: First mitigation device specific for reducing incidental by-catch
D48: 44 | E48: First incidental by catch mitigation device target | F48: FOincidentalByCatchMitigationDeviceTargetFirst | G48: FOincBycMitigDevTargetFirst | H48: String | I48: M | J48: Code list | K48: BycatchMitigationDeviceTarget //vocab.ices.dk/?ref=1695 | L48: Species or assemblage which mitigation is reduced by the first incidental by-catch mitigation device. "NotApplicable" when device does not exist. | M48: Species or assemblage which mitigation is reduced by the first incidental by-catch mitigation device.
D49: 45 | E49: Second incidental by catch mitigation device | F49: FOincidentalByCatchMitigationDeviceSecond | G49: FOincBycMitigDevSecond | H49: String | I49: M | J49: Code list | K49: BycatchMitigationDevice | L49: Second incidental by-catch mitigation device. 'None' when device is not present. Report "no See details in code list: this variable relates to devices specific for mitigation of incidental by-catch species, not general mitigation measures aimed at reducing general by-catch of commercials fisheries (compare with RS_SelectionDevice). E.g. a grid for seals should be reported but not a Nephrops grid (those go under FOselectionDevice). Find more on types of mitigation devices for incidental by-catch in Hamilton & Baker 2019 Rev Fish Biol Fisheries 29, 223–247 | M49: Second mitigation device specific for reducing incidental by-catch
D50: 46 | E50: Second incidental by catch mitigation device target | F50: FOincidentalByCatchMitigationDeviceTargetSecond | G50: FOincBycMitigDevTargetSecond | H50: String | I50: M | J50: Code list | K50: BycatchMitigationDeviceTarget | L50: Species or assemblage which mitigation is reduced by the second incidental by-catch mitigation device. "NotApplicable" when device does not exist. | M50: Species or assemblage which mitigation is reduced by the second incidental by-catch mitigation device.
D51: 47 | E51: Gear dimensions | F51: FOgearDimensions | G51: FOgearDim | H51: Integer | I51: O | L51: The sum total length of nets or number of hooks or pots. Do not fill-in for active gears.
D52: 48 | E52: Observation code | F52: FOobservationCode | G52: FOobsCo | H52: String | I52: M | J52: Code list | K52: ObservationCode //vocab.ices.dk/?ref=1630 | L52: Indicator if the slipping, drop-outs, presorting and/or sorting was observed . The code is a combination of the observed first letters for Slipping, Drop-outs, Presorting and Sorting observation (Sl, Dr, Pr, So, SlDrPrSo, SlPrSo, DrPrSo, PrSo, and so on) or None. E.g., was the fishing operation screened/observed for the four observation types? Then use "SlDrPrSo". Did you only screen the sorting stage (typical in at-sea discard sampling)? Then use only "So". More details and examples in documentation (FAQ and Annex 4). | M52: Indicator if the slipping, drop-outs, presorting and/or sorting was observed . The code is a combination of the observed first letters for Slipping, Drop-outs, Presorting and Sorting observation or None (= catches of fishing operation not observed).
D53: 49 | E53: Fishing operation total | F53: FOnumberTotal | G53: FOnumTotal | H53: Integer | I53: DV, O | L53: Total number of unique fishing operation in the stratrum/cluster. | M53: Total number of unique fishing operation in the stratrum/cluster.
D54: 50 | E54: Fishing operation sampled | F54: FOnumberSampled | G54: FOnumSamp | H54: Integer | I54: DV, O | L54: The number of fishing operations sampled for this catch registration in this stratum/cluster. | M54: The number of fishing operations sampled in this stratum/cluster.
D55: 51 | E55: Selection probability | F55: FOselectionProb | G55: FOselProb | H55: Decimal(16) | I55: DV, O | J55: 0 - 1 | L55: The selection probability. | M55: Selection probability
D56: 52 | E56: Inclusion probability | F56: FOinclusionProb | G56: FOincProb | H56: Decimal(16) | I56: DV, O | J56: 0 - 1 | L56: The inclusion probability. | M56: Inclusion probability
D57: 53 | E57: Selection method | F57: FOselectionMethod | G57: FOselectMeth | H57: String | I57: DV, M | J57: Code list | K57: SelectionMethod //vocab.ices.dk/?ref=1637 | L57: The method of selecting hauls for sampling | M57: The method of selecting hauls for sampling
D58: 54 | E58: Sampling unit name | F58: FOunitName | G58: FOunitName | H58: String | I58: DV, M | L58: The unique name of this unit. Would typically be the haul number. | M58: The unique name of this unit.
D59: 55 | E59: Selection method cluster | F59: FOselectionMethodCluster | G59: FOselectMethCluster | I59: DV, O | J59: Code list | K59: SelectionMethod //vocab.ices.dk/?ref=1637 | L59: The method of selecting clusters | M59: The method of selecting clusters
D60: 56 | E60: Total clusters | F60: FOnumberTotalClusters | G60: FOnumTotalClusters | H60: Integer | I60: DV, O | L60: Total number of clusters in that level of the sampling hierarchy / stratum. Used in 1-stage and 2-stage cluster sampling. When stratified it is the total number of clusters in each stratum | M60: Total number of clusters in that level of the sampling hierarchy
D61: 57 | E61: Sampled clusters | F61: FOnumberSampledClusters | G61: FOnumSampClusters | H61: Integer | I61: DV, O | L61: Number of clusters sampled. Used in 1-stage and 2-stage cluster sampling. When stratified it is number of clusters sampled in each stratum. | M61: Total number of clusters sampled
D62: 58 | E62: Cluster selection probability | F62: FOselectionProbCluster | G62: FOselProbCluster | H62: Decimal(16) | I62: DV, O | J62: 0 - 1 | L62: Used in 1st and 2nd stage cluster sampling. The selection probability of cluster i. | M62: The inclusion probability of the cluster.
D63: 59 | E63: Clusters inclusion probability | F63: FOinclusionProbCluster | G63: FOincProbCluster | H63: Decimal(16) | I63: DV, O | J63: 0 - 1 | L63: Used in 1st and 2nd stage cluster sampling. The inclusion probability of cluster i.
D64: 60 | E64: Sampled | F64: FOsampled | G64: FOsamp | H64: String | I64: DV, M | J64: Code list | K64: YesNoFields //vocab.ices.dk/?ref=316 | L64: Indicating if the unit was sampled: Yes/No. If No no child records are expected.
D65: 61 | E65: Reason for not sampling | F65: FOreasonNotSampled | G65: FOnoSampReason | H65: String | I65: DV, O | J65: Code list | K65: ReasonForNotSampling //vocab.ices.dk/?ref=1641 | L65: Reason for not sampling | M65: Reason for not sampling
D66: 62 | E66: Non-response collected at this level | F66: FOnonResponseCollected | G66: FOnonRespCol | H66: String | I66: DV,O | J66: Code list | K66: YesNoFields //vocab.ices.dk/?ref=316 | L66: Indicate whether non-responses were recorded at this sampling level. | M66: Indicate whether non-responses were recorded at this sampling level.
D67: 63 | E67: Auxiliary Variable Total | F67: FOauxiliaryVariableTotal | G67: FOauxVarTot | H67: Decimal(3) | I67: DV, O | L67: The total value of auxiliary variable in the stratum (to be used in, e.g., ratio estimation). Auxiliary variables are 'extra' variables measured in association with the desired variable that might be used to increase precision of the estimate. | M67: The total value of auxiliary variable in the stratum
D68: 64 | E68: Auxiliary Variable Value | F68: FOauxiliaryVariableValue | G68: FOauxVarValue | H68: Decimal(3) | I68: DV, O | L68: The value of auxiliary variable in the sampled unit. Auxiliary variables are 'extra' variables measured in association with the desired variable that might be used to increase precision of the estimate. | M68: The value of auxiliary variable in the sampled unit.
D69: 65 | E69: Auxiliary Variable Name | F69: FOauxiliaryVariableName | G69: FOauxVarName | H69: String | I69: DV, O | J69: Code list | K69: AuxiliaryVariableName | L69: The name of the auxiliary variable. Auxiliary variables are 'extra' variables measured in association with the desired variable that might be used to increase precision of the estimate. | M69: Name of the auxiliary variable
D70: 66 | E70: Auxiliary Variable Unit | F70: FOauxiliaryVariableUnit | G70: FOauxVarUnit | H70: String | I70: DV, O | J70: Code list | K70: MUNIT http://vocab.ices.dk/?codetypeguid=c6aa874e-7477-43e4-af10-547f83b8779f | L70: Auxiliary variable measurement unit (e.g. %, hour, kg) | M70: Auxiliary variable unit

Sheet Onshore Event
A1: Hide | B1: PK/FK | C1: Unique combination of fields | D1: Order | E1: Field Name Description | F1: Field Name | G1: R Name | H1: Type | I1: Required | J1: Basic checks | K1: Vocabulary code type | L1: Description | M1: Short Description
A2: Y | B2: PK | D2: Not in format | E2: OnshoreEventsID | F2: OSid | G2: OSid | H2: Integer | L2: Automatic ID - PK of table. Internal to RDBES. Not to be filled in by users. | M2: Automatic ID - PK of table
A3: Y | B3: FK | C3: Uk1, Uk2 | D3: Not in format | E3: SamplingDetailsId | F3: SDid | G3: SDid | H3: Integer | L3: Foreign key/link to the SamplingDetails table. Internal to RDBES. Not to be filled in by users. | M3: Foreign key/link to the SamplingDetails table
D4: 1 | E4: Record type | F4: OSrecordType | G4: OSrecType | H4: String | I4: M | L4: Fixed value ('OS') | M4: Fixed value ('OS')
C5: Uk2 | D5: 2 | E5: Sequence number | F5: OSsequenceNumber | G5: OSseqNum | H5: Integer | I5: M | L5: Sequential numbering by Onshore event. The sequence number identify the selections made with in each strata and cluster combination. Preperably representing the order of the selections.
D6: 3 | E6: Stratification | F6: OSstratification | G6: OSstratification | H6: Y/N | I6: DV, M | J6: Code list | K6: YesNoFields //vocab.ices.dk/?ref=316 | L6: Indicator of presence ("Y") or absence ("N") of stratification of units of that sampling level | M6: Indicator of presence ("Y") or absence ("N") of stratification of units in that level of the sampling hierarchy
C7: Uk1 | D7: 4 | E7: Sampling locode | F7: OSlocode | G7: OSlocode | H7: String | I7: M | J7: code list | K7: Harbour_LOCODE //vocab.ices.dk/?ref=1652 | L7: This will often be a harbour. LOCODE of sampling location. If sampling at a market this could be the LOCODE of the town the market is based in. | M7: LOCODE of sampling location
C8: Uk1 | D8: 5 | E8: Sampling location | F8: OSlocationName | G8: OSlocName | H8: String | I8: M | L8: This will often be a harbour. Recommended to use code for market, processer etc. Use to distinguish e.g. between a market and a port sampling at the same LOCODE the same day. | M8: National Name of location
D9: 6 | E9: Sampling location type | F9: OSlocationType | G9: OSlocType | H9: String | I9: O | J9: Code list | K9: LocationType //vocab.ices.dk/?ref=1599 | L9: Type of location e.g. market, port, processor | M9: Type of location
C10: Uk1 | D10: 7 | E10: Sampling date | F10: OSsamplingDate | G10: OSsamDate | H10: Date | I10: M | L10: Start Sampling date | M10: Sampling date
C11: Uk1 | D11: 8 | E11: Sampling time | F11: OSsamplingTime | G11: OSsamTime | H11: Time | I11: O | L11: Start Sampling time. If there is more that one sampling event during a day this field must be filled. | M11: Sampling time
D12: 9 | E12: Onshore stratum | F12: OSstratumName | G12: OSstratumName | H12: String | I12: DV, M | L12: Name of stratum ('U' for unstratified). Name should be as concise and meaningful as possible. | M12: Name of stratum ('U' for unstratified)
D13: 10 | E13: Clustering | F13: OSclustering | G13: OSclustering | H13: String | I13: DV, M | J13: Code list | K13: Clustering //vocab.ices.dk/?ref=1603 | L13: Indicator of absence ("No") or presence of one-stage cluster sampling ("1-stage")or two-stage cluster sampling ("2-stage") of units of that sampling level | M13: Indicator existence and type of cluster sampling of units in that level of the sampling hierarchy
D14: 11 | E14: Cluster name | F14: OSclusterName | G14: OSclusterName | H14: String | I14: DV, M | L14: Name or code of the cluster selected for sampling (cluster i) ('U' for unclustered) | M14: Name or code of the cluster selected for sampling
D15: 12 | E15: Sampler | F15: OSsampler | G15: OSsampler | H15: String | I15: O | J15: Code list | K15: Sampler //vocab.ices.dk/?ref=1639 | L15: Data collected by: Self-sampling, Observer, Control, Electronic Monitoring (EM). In the future potential combinations of e.g. observer and EM. | M15: Self-sampling, Observer, Control, Electronic Monitoring (EM). In the future potential combinations of e.g. observer and EM
D16: 13 | E16: Time unit | F16: OStimeUnit | G16: OStimeUnit | H16: String | I16: O | J16: Code list | K16: TimeUnit //vocab.ices.dk/?ref=1650 | L16: The unit of the time spent sampling e.g. 1 day, ½ day, hour, week | M16: The unit of the time spent sampling
D17: 14 | E17: Time value | F17: OStimeValue | G17: OStimeValue | H17: Decimal(2) | I17: O | J17: 0.01 - 99999 | L17: Time spend sampling e.g. 1 or 2 | M17: Time spent sampling
D18: 15 | E18: Onshore total | F18: OSnumberTotal | G18: OSnumTotal | H18: Integer | I18: DV, O | L18: Total number of unique onshore events in this stratum/cluster. | M18: Total number of unique onshore events in this stratum/cluster.
D19: 16 | E19: Onshore sampled | F19: OSnumberSampled | G19: OSnumSamp | H19: Integer | I19: DV, O | L19: The number of Onshore Event sampled in this stratum/cluster (Onshore Event will never sampled with replacement). | M19: The number of Onshore Event sampled in this stratum/cluster (Onshore Event will never sampled with replacement).
D20: 17 | E20: Selection probability | F20: OSselectionProb | G20: OSselProb | H20: Decimal(16) | I20: DV, O | J20: 0 - 1 | L20: The selection probability. | M20: Selection probability
D21: 18 | E21: Inclusion probability | F21: OSinclusionProb | G21: OSincProb | H21: Decimal(16) | I21: DV, O | J21: 0 - 1 | L21: The inclusion probability. | M21: Inclusion probability
D22: 19 | E22: Selection method | F22: OSselectionMethod | G22: OSselectMeth | H22: String | I22: DV, M | J22: Code list | K22: SelectionMethod //vocab.ices.dk/?ref=1637 | L22: The method of selecting onshore events for sampling | M22: The method of selecting onshore events for sampling
D23: 20 | E23: Sampling unit name | F23: OSunitName | G23: OSunitName | H23: String | I23: DV, M | L23: The unique name of this unit. | M23: The unique name of this unit.
D24: 21 | E24: Selection method cluster | F24: OSselectionMethodCluster | G24: OSselectMethCluster | H24: String | I24: DV, O | J24: Code list | K24: SelectionMethod //vocab.ices.dk/?ref=1637 | L24: The method of selecting clusters | M24: The method of selecting clusters
D25: 22 | E25: Total clusters | F25: OSnumberTotalClusters | G25: OSnumTotalClusters | H25: Integer | I25: DV, O | L25: Total number of clusters in that level of the sampling hierarchy / stratum. Used in 1-stage and 2-stage cluster sampling. When stratified it is the total number of clusters in each stratum | M25: Total number of clusters in that level of the sampling hierarchy
D26: 23 | E26: Sampled clusters | F26: OSnumberSampledClusters | G26: OSnumSampClusters | H26: Integer | I26: DV, O | L26: Number of clusters sampled. Used in 1-stage and 2-stage cluster sampling. When stratified it is number of clusters sampled in each stratum. | M26: Total number of clusters sampled
D27: 24 | E27: Cluster selection probability | F27: OSselectionProbCluster | G27: OSselProbCluster | H27: Decimal(16) | I27: DV, O | J27: 0 - 1 | L27: Used in 1st and 2nd stage cluster sampling. The selection probability of cluster i. | M27: The inclusion probability of the cluster.
D28: 25 | E28: Clusters inclusion probability | F28: OSinclusionProbCluster | G28: OSincProbCluster | H28: Decimal(16) | I28: DV, O | J28: 0 - 1 | L28: Used in 1st and 2nd stage cluster sampling. The inclusion probability of cluster i.
D29: 26 | E29: Sampled | F29: OSsampled | G29: OSsamp | H29: String | I29: DV, M | J29: Code list | K29: YesNoFields //vocab.ices.dk/?ref=316 | L29: Indicating if the unit was sampled: Y/N. If No no child records are expected.
D30: 27 | E30: Reason for not sampling | F30: OSreasonNotSampled | G30: OSnoSampReason | H30: String | I30: DV, O | J30: Code list | K30: ReasonForNotSampling //vocab.ices.dk/?ref=1641 | L30: Reason for not sampling | M30: Reason for not sampling
D31: 28 | E31: Non-response collected at this level | F31: OSnonResponseCollected | G31: OSnonRespCol | H31: String | I31: DV,O | J31: Code list | K31: YesNoFields //vocab.ices.dk/?ref=316 | L31: Indicate whether non-responses were recorded at this sampling level. | M31: Indicate whether non-responses were recorded at this sampling level.
D32: 29 | E32: Auxiliary Variable Total | F32: OSauxiliaryVariableTotal | G32: OSauxVarTot | H32: Decimal(3) | I32: DV, O | L32: The total value of auxiliary variable in the stratum (to be used in, e.g., ratio estimation). Auxiliary variables are 'extra' variables measured in association with the desired variable that might be used to increase precision of the estimate. | M32: The total value of auxiliary variable in the stratum
D33: 30 | E33: Auxiliary Variable Value | F33: OSauxiliaryVariableValue | G33: OSauxVarValue | H33: Decimal(3) | I33: DV, O | L33: The value of auxiliary variable in the sampled unit. Auxiliary variables are 'extra' variables measured in association with the desired variable that might be used to increase precision of the estimate. | M33: The value of auxiliary variable in the sampled unit.
D34: 31 | E34: Auxiliary Variable Name | F34: OSauxiliaryVariableName | G34: OSauxVarName | H34: String | I34: DV, O | J34: Code list | K34: AuxiliaryVariableName | L34: The name of the auxiliary variable. Auxiliary variables are 'extra' variables measured in association with the desired variable that might be used to increase precision of the estimate. | M34: Name of the auxiliary variable
D35: 32 | E35: Auxiliary Variable Unit | F35: OSauxiliaryVariableUnit | G35: OSauxVarUnit | H35: String | I35: DV, O | J35: Code list | K35: MUNIT http://vocab.ices.dk/?codetypeguid=c6aa874e-7477-43e4-af10-547f83b8779f | L35: Auxiliary variable measurement unit (e.g. %, hour, kg) | M35: Auxiliary variable unit

Sheet Landing event
A1: Hide | B1: PK/FK | C1: Unique combination of fields | D1: Order | E1: Field Name Description | F1: Field Name | G1: R Name | H1: Type | I1: Required | J1: Basic checks | K1: Vocabulary code type | L1: Description | M1: Short Description
A2: Y | B2: PK | D2: Not in format | E2: LandingEventId | F2: LEid | G2: LEid | H2: Integer | L2: Automatic ID - PK of table. Internal to RDBES. Not to be filled in by users. | M2: Automatic ID - PK of table
A3: Y | B3: FK | C3: Uk1 | D3: Not in format | E3: OnshoreEventID | F3: OSid | G3: OSid | H3: Integer | I3: O | L3: Mandatory if it OnshoreEvent is in the hierarchy, otherwise it is optional. Foreign key/link to the OnshoreEvent table. Internal to RDBES. Not to be filled in by users. | M3: Foreign key/link to the OnshoreEvent table
A4: Y | B4: FK | C4: Uk1 | D4: Not in format | E4: FishingTripID | F4: FTid | G4: FTid | H4: Integer | I4: O | L4: Mandatory if it FishingTrip is in the hierarchy, otherwise it is optional. Foreign key/link to the Fishing Trip table. Internal to RDBES. Not to be filled in by users. | M4: Foreign key/link to the FishingTrip table
A5: Y | B5: FK | C5: Uk1 | D5: Not in format | E5: VesselSelectionID | F5: VSid | G5: VSid | H5: Integer | I5: O | L5: Mandatory if VesselSelection is in the hierarchy, otherwise it is optional. Foreign key/link to the Vessel table. Internal to RDBES. Not to be filled in by users. | M5: Foreign key/link to the VesselSelection table
A6: Y | B6: FK | D6: Not in format | E6: VesselDetailsID | F6: VDid | G6: VDid | H6: Integer | I6: O | L6: Foreign key/link to Vessel Details table. Filled in if the vessel that made the Landing Event is known and the TripID field is not completed (e.g. you know the vessel that made the landing, but don't know exactly which trip the landing is from). Internal to RDBES. Not to be filled in by users. | M6: Foreign key/link to the VesselDetails table
A7: Y | B7: FK | C7: Uk1 | D7: Not in format | E7: TemporalEventId | F7: TEid | G7: TEid | H7: Integer | I7: M/O | L7: Mandatory for hierarchy 12. Foreign key/link to the Temporal Event table. Internal to RDBES. Not to be filled in by users. | M7: Foreign key/link to the Temporal Event table. (for hierarchy 12)
A8: Y | B8: FK | C8: Uk1 | D8: Not in format | E8: SampleID | F8: SAid | G8: SAid | H8: Integer | I8: M/O | L8: Mandatory for hierarchy 9. Foreign key/link to Sample table. Internal to RDBES. Not to be filled in by users. | M8: Foreign key/link to Sample table. (for hierarchy 9)
A9: Y | B9: FK | C9: Uk1 | D9: Not in format | E9: SpeciesSelection | F9: SSid | G9: SSid | H9: Integer | I9: M/O | L9: Mandatory for hierarchy 9. Foreign key/link to Species Selection table. Internal to RDBES. Not to be filled in by users. | M9: Foreign key/link to Species Selection table. (for hierarchy 9)
D10: 1 | E10: Record type | F10: LErecordType | G10: LErecType | H10: String | I10: M | L10: Fixed value ('LE') | M10: Fixed value ('LE')
D11: 2 | E11: Encrypted vessel code | F11: LEencryptedVesselCode | G11: LEencrVessCode | H11: String(100) | I11: M | J11: VD table code list | L11: Encrypted vessel identifier max. 100 characters, encrypted by the national institute before it is upload. Id encrypted so that no-one can map the Id to the real vessel. This code should be used by the Encrypted Vessel Identifier field in the Vessel Selection. If the characteristics of the vessel change range group e.g. length group, then a new encrypted vessel code have to be inserted. If regional sampling schemes are use, then the vessels have to be coordinated across countries, so one vessel only appears as one record/vessel in this Vessel Details table. | M11: Encrypted by the national institute before it is upload. This code it refering to the Encrypted Vessel Identifier field in the Vessel Details.
D12: 3 | E12: Stratification | F12: LEstratification | G12: LEstratification | H12: Y/N | I12: DV, M | J12: Code list | K12: YesNoFields //vocab.ices.dk/?ref=316 | L12: Indicator of presence ("Y") or absence ("N") of stratification of units of that sampling level | M12: Indicator of presence ("Y") or absence ("N") of stratification of units in that level of the sampling hierarchy
C13: Uk1 | D13: 4 | E13: Sequence number | F13: LEsequenceNumber | G13: LEseqNum | H13: Integer | I13: M | L13: Sequential numbering by landing event. The sequence number identify the selections made with in each strata and cluster combination. Preperably representing the order of the selections. | M13: Sequential numbering by landing event. The sequence number identify the selections made with in each strata and cluster combination. Preperably representing the order of the selections.
D14: 5 | E14: Haul number | F14: LEhaulNumber | G14: LEhaulNum | H14: Integer | I14: O | L14: The haul number (if there is one) for this LandingEvent record. | M14: The haul number (if there is one) for this LandingEvent record.
D15: 6 | E15: Landing event stratum | F15: LEstratumName | G15: LEstratumName | H15: String | I15: DV, M | L15: Name of stratum ('U' for unstratified). Typically Unstratified but could be e.g. demersal landings and pelagic landings. Name should be as concise and meaningful as possible. | M15: Name of stratum ('U' for unstratified). Typically Unstratified but could be e.g. demersal landings and pelagic landings.
D16: 7 | E16: Clustering | F16: LEclustering | G16: LEclustering | H16: String | I16: DV, M | J16: Code list | K16: Clustering //vocab.ices.dk/?ref=1603 | L16: Indicator of absence ("No") or presence of one-stage cluster sampling ("1-stage")or two-stage cluster sampling ("2-stage") of units of that sampling level | M16: Indicator existence and type of cluster sampling of units in that level of the sampling hierarchy
D17: 8 | E17: Cluster name | F17: LEclusterName | G17: LEclusterName | H17: String | I17: DV, M | L17: Name or code of the cluster selected for sampling (cluster i) ('U' for unclustered) | M17: Name or code of the cluster selected for sampling
D18: 9 | E18: Sampler | F18: LEsampler | G18: LEsampler | H18: String | I18: O | J18: Code list | K18: Sampler //vocab.ices.dk/?ref=1639 | L18: Data collected by: Self-sampling, Observer, Control, Electronic Monitoring (EM). In the future potential combinations of e.g. observer and EM. | M18: Self-sampling, Observer, Control, Electronic Monitoring (EM). In the future potential combinations of e.g. observer and EM
D19: 10 | E19: Mixed trip | F19: LEmixedTrip | G19: LEmixedTrip | H19: String | I19: M | J19: Code list | K19: YesNoFields //vocab.ices.dk/?ref=316 | L19: Have these landings come from a mix of trips? E.g. a single box of fish filled from a variety of different individual fishing trips. Yes/No - If not sure then 'Yes' should be selected. | M19: Have these landings come from a mix of trips?
D20: 11 | E20: Catch registration | F20: LEcatchReg | G20: LEcatReg | H20: String | I20: M | J20: Code list | K20: CatchRegistration | L20: Registers what components of catch are expected in the species selection table options: All – either Catch or Lan+Dis rows expected next table); Lan – only landings expected in next table; Dis – only discard expected in next table; None – no next table. | M20: Registers what components of catch are expected in the species selection table options: All – either Catch or Lan+Dis rows expected next table); Lan – only landings expected in next table; Dis – only discard expected in next table; None – no next table.
D21: 12 | E21: Landing locode | F21: LElocode | G21: LElocode | H21: String | I21: O | K21: Harbour_LOCODE //vocab.ices.dk/?ref=1652 | L21: LOCODE. The landing location. A more clearly defined field for the landing harbour. One problem with having harbour in the tr table is that it assumes that a single trip has a single landing port, this may not be the case. | M21: The LOCODE for the location of this LandingEvent.
D22: 13 | E22: Landing location name | F22: LElocationName | G22: LElocName | H22: String | I22: O
D23: 14 | E23: Landing location type | F23: LElocationType | G23: LElocType | H23: String | I23: O | J23: Code list | K23: LocationType //vocab.ices.dk/?ref=1599 | L23: Type of LandingEvent location e.g. Port, Market, Auction hall, factory ship | M23: Type of LandingEvent location
D24: 15 | E24: Landing country | F24: LEcountry | G24: LEctry | H24: String | I24: M | J24: Code list | K24: ISO_3166 //vocab.ices.dk/?ref=337 | L24: The ISO 3166 alpha-2 codes, but also e.g. GB-SCT, for the country that this LandingEvent is location in. Special value if landing at sea to a factory ship. | M24: The country that this LandingEvent location is in.
D25: 16 | E25: Landings date | F25: LEdate | G25: LEdate | H25: Date | I25: O | L25: The date that this LandingEvent took place. For situations like sampling mixed boxes of fish you might not know the landing date. | M25: The date of the LandingEvent
D26: 17 | E26: Landing time | F26: LEtime | G26: LEtime | H26: Time | I26: O | L26: The time that this LandingEvent took place (HH:mm) | M26: The time that this LandingEvent took place
D27: 18 | E27: Exclusive economic zone indicator | F27: LEexclusiveEconomicZoneIndicator | G27: LEeconZoneIndi | H27: String | I27: O | J27: Code list | K27: ISO_3166 //vocab.ices.dk/?ref=337 | L27: Dominant Exclusive Economic Zone indicator. Only relevant for EU countries exporting to FDI “EU”: EU waters, “RFMO”: International waters, “COAST”: non-EU coastal waters | M27: Exclusive Economic Zone indicator.
D28: 19 | E28: Area | F28: LEarea | G28: LEarea | H28: String | I28: M | J28: Code list | K28: ICES_Area //vocab.ices.dk/?ref=358 | L28: Dominant Area level 3 (level 4 for Baltic, Mediterranean, and Black Seas) in the Data Collection Regulation (EC, 2008a, 2008b). Dominant because there potentially could be multiple area. | M28: The area that this LandingEvent was caught in.
D29: 20 | E29: Statistical rectangle | F29: LErectangle | G29: LEstatRect | H29: String | I29: O | J29: Code list | K29: StatRec //vocab.ices.dk/?ref=107 | L29: Dominant Area level 5 in the Data Collection Regulation (EC, 2008a, 2008b). This is the ICES statistical rectangles (e.g. 41G9) except for the Mediterranean and Black Seas, where GFCM geographical subareas (GSAs) are used, in such case use '-9'. | M29: The rectangle that this LandingEvent was caught in.
D30: 21 | E30: Fisheries management unit | F30: LEfisheriesManagementUnit | G30: LEfishManUnit | H30: String | I30: O | J30: Code list | K30: AreaNonFAO | L30: Dominant Fisheries management unit codes can be used for further refine the spatial component. Example, this can be use to individualise catches and samples of e.g. redfish stocks below and above 500 m depth, Norwegian costal cod 12 mile from coastline, Nephrops where it cannot be defined by the statistical rectangle. | M30: Dominant Fisheries management unit codes are used when stocks need further refine, e.g. Redfish stocks below and above 500 m depth, Norwegian costal cod 12 mile from coastline.
D31: 22 | E31: GSA subarea | F31: LEgsaSubarea | G31: LEgsaSubarea | H31: String | I31: M | J31: Code list | K31: Areas_GFCM_GSA //vocab.ices.dk/?ref=1517 | L31: GSA subarea, mandatory for FAO area 37 (Mediterranean and Black Sea). (Use 'NotApplicable' if not fishing in the area) | M31: GSA subarea, mandatory for FAO area 37 (Mediterranean and Black Sea). (Use 'NotApplicable' if not fishing in the area)
D32: 23 | E32: Jurisdiction area | F32: LEjurisdictionArea | G32: LEjurisdArea | H32: String | I32: O | J32: Code list | K32: JurisdictionArea //vocab.ices.dk/?ref=1662 | L32: Dominant Area belonging to a country or a part of an area among others used by Long Distance Fisheries. | M32: Area belonging to a country or a part of an area used by Long Distance Fisheries.
D33: 24 | E33: Geographical data basis | F33: LEgeographicalDataBasis | G33: LEgeoDatBas | H33: String | I33: O | J33: Code list | K33: DataBasis //vocab.ices.dk/?ref=1767 | L33: Geographical data are determined from allowed codes: 'Official', 'Estimated', 'Measured', 'NotKnown' or 'NotApplicable' data. The more detailed source is specified in the related source field.
D34: 25 | E34: Geographical Source | F34: LEgeographicalSource | G34: LEgeoSou | H34: String | I34: O | J34: Code list | K34: DataSource //vocab.ices.dk/?ref=1768 | L34: The source of the geographical data. The source of the geographical data. When GeographicalDataBasis is “Official”, allowed codes are: "Logb", "SalN", "PosDat", "VMS", "NotApplicable". When GeographicalDataBasis is “Estimated”, allowed codes are:"HarbLoc", "PosDat", "Crew", "Observer", "Exprt", "CombOD", "NotApplicable". When GeographicalDataBasis is “Measured”, allowed codes are: "Crew", "Observer", Report “Unknown” and “Not Applicable” when GeographicalDataBasis is “Unknown” and “Not Applicable” respectively.
D35: 26 | E35: National fishing activity | F35: LEnationalFishingActivity | G35: LEnatFishAct | H35: String | I35: O | J35: Code list | K35: NationalFishingActivity //vocab.ices.dk/?ref=1614 | L35: Dominant Country specific fishing activity (like a métier on lower level). The national fishing activity as defined by each country on a lower resolution, e.g. at the gear type level which is the same as metier level 4. Each code within this vocabulary should have the relevent ISO_3166 country code pre-pended e.g. "DK_OTB_...". Countries can request new codes to be added to the list by emailing ICES Data Centre. | M35: Country specific national fishing gear
D36: 27 | E36: Metier level 5 fishing activity | F36: LEmetier5 | G36: LEmetier5 | H36: String | I36: O | J36: Code list | K36: Metier5_FishingActivity //vocab.ices.dk/?ref=1651 | L36: Dominant Fishing activity metier level 5. Level 5 as defined in a fishing activity hierarchic structure in the Data Collection Regulation (EC, 2008a, 2008b). | M36: Level 5 metier
D37: 28 | E37: Metier level 6 fishing activity | F37: LEmetier6 | G37: LEmetier6 | H37: String | I37: M | J37: Code list | K37: Metier6_FishingActivity //vocab.ices.dk/?ref=1647 | L37: Dominant Fishing activity metier level 6. Level 6 as defined in a fishing activity hierarchic structure in the Data Collection Regulation (EC, 2008a, 2008b). Level 6 is further specified by the Regional Coordination Meetings (EC RCMs, Council Regulation [EC] No 1543/2000) or any later authorized revision. Further discussion needed for Norwegian data. | M37: Level 6 metier
D38: 29 | E38: Gear type | F38: LEgear | G38: LEgear | H38: String | I38: M | J38: Code list | K38: GearType //vocab.ices.dk/?ref=1653 | L38: Dominant FAO gear code. If the gear is not known use MIS | M38: The FAO gear code.
D39: 30 | E39: Gear data basis | F39: LEgearDataBasis | G39: LEgeaDatBas | H39: String | I39: O | J39: Code list | K39: DataBasis //vocab.ices.dk/?ref=1767 | L39: Gear data are determined from: “Official”, "Estimated" or "Measured" data. The more detailed source is specified in the related source field.
D40: 31 | E40: Gear Source | F40: LEgearSource | G40: LEgearSou | H40: String | I40: O | J40: Code list | K40: DataSource //vocab.ices.dk/?ref=1768 | L40: The source of the gear data. When GearDataBasis is “Official”, allowed codes are: "Logb" (Logbook), "CombOD" (Combination of official data sources), "ΟthDF" (Other declarative forms), "NotApplicable". When GearDataBasis is “Estimated”, allowed codes are:"SampDS" (Survey Data), "SampDC" )Commercial sampling data), "Exprt" (Expert Evaluation), "CombOD", "Crew", "Observer", "NotApplicable". When GearDataBasis is “Measured”, allowed codes are: "Crew", "Observer", Report “Unknown” and “Not Applicable” when GearDataBasis is “Unknown” and “Not Applicable” respectively.
D41: 32 | E41: Mesh size | F41: LEmeshSize | G41: LEmeshSize | H41: Integer | I41: O | L41: Not needed for gears without meshes e.g. LLD, LLS, LHM, LHP, LL, FPO. For other gears the dominant mesh size should be completed where it is known. (This mesh size field is different from the one in Fishing Operation, which is mandatory) | M41: Mesh size
D42: 33 | E42: Selection device | F42: LEselectionDevice | G42: LEselDev | H42: Integer | I42: O | J42: Code list | K42: SelectionDevice //vocab.ices.dk/?ref=1638 | L42: Dominant selectivity device. A selection device is defined as a square-meshed panel or window that is inserted into a towed net. | M42: Selection device
D43: 34 | E43: Mesh size in selection device | F43: LEselectionDeviceMeshSize | G43: LEselDevMeshSize | H43: Integer | I43: O | L43: In mm. The mesh size of a square-meshed panel or window shall mean the smallest determinable mesh size of such a panel or window and if there are two. | M43: Selection device mesh size (mm)
D44: 35 | E44: Target species assemblage | F44: LEtargetSpecies | G44: LEtarget | H44: String | I44: O | J44: Code list | K44: TargetSpecies //vocab.ices.dk/?ref=1661 | L44: Target species assembleage - details to be decided after STECF metier workshop | M44: Target species assemblage
D45: 36 | E45: Mitigation device | F45: LEmitigationDevice | G45: LEmitiDev | H45: String | I45: M | J45: Code list | K45: BycatchMitigationDevice //vocab.ices.dk/?ref=1680 | L45: Codes for dominant other mitigation devices: AttAcoustic, AttAltProf, AttExclDev, AttLight, unknown, None, etc.
D46: 37 | E46: Gear dimensions | F46: LEgearDimensions | G46: LEgearDim | H46: Integer | I46: O | L46: The sum total length of nets or number of hooks or pots. Do not fill-in for active gears.
D47: 38 | E47: Landing event total | F47: LEnumberTotal | G47: LEnumTotal | H47: Integer | I47: DV, O | L47: Total number of unique Landing Event in the stratum/cluster. The total number of Landing Events at an e.g. Port in that stratum/cluster. | M47: Total number of unique Landing Event in the stratum/cluster. The total number of Landing Events at an e.g. Port in that stratum/cluster.
D48: 39 | E48: Landing event sampled | F48: LEnumberSampled | G48: LEnumSamp | H48: Integer | I48: DV, O | L48: The number of Landing Events sampled in this stratum/cluster (not necessarily unique Landing Events, the same Landing Event could be sampled multiple times). If 3 samples was made and one Landing Event was selected twice, the number of Landing Events sampled is 3. | M48: The number of Landing Events sampled in this stratum/cluster (not necessarily unique Landing Events, the same Landing Event could be sampled multiple times). If 3 samples was made and one Landing Event was selected twice, the number of Landing Events sampled is 3.
D49: 40 | E49: Selection probability | F49: LEselectionProb | G49: LEselProb | H49: Decimal(16) | I49: DV, O | J49: 0 - 1 | L49: The selection probability. | M49: Selection probability
D50: 41 | E50: Inclusion probability | F50: LEinclusionProb | G50: LEincProb | H50: Decimal(16) | I50: DV, O | J50: 0 - 1 | L50: The inclusion probability. | M50: Inclusion probability
D51: 42 | E51: Selection method | F51: LEselectionMethod | G51: LEselectMeth | H51: String | I51: DV, M | J51: Code list | K51: SelectionMethod //vocab.ices.dk/?ref=1637 | L51: The method of selecting Landing Events for sampling | M51: The method of selecting Landing Events for sampling
D52: 43 | E52: Sampling unit name | F52: LEunitName | G52: LEunitName | H52: String | I52: DV, M | L52: The name of this unit. Indicate a sampling unit may appear more than once. | M52: The name of this unit. Indicate a sampling unit may appear more than once.
D53: 44 | E53: Selection method cluster | F53: LEselectionMethodCluster | G53: LEselectMethCluster | H53: String | I53: DV, O | J53: Code list | K53: SelectionMethod //vocab.ices.dk/?ref=1637 | L53: The method of selecting clusters | M53: The method of selecting clusters
D54: 45 | E54: Total clusters | F54: LEnumberTotalClusters | G54: LEnumTotalClusters | H54: Integer | I54: DV, O | L54: Total number of clusters in that level of the sampling hierarchy / stratum. Used in 1-stage and 2-stage cluster sampling. When stratified it is the total number of clusters in each stratum | M54: Total number of clusters in that level of the sampling hierarchy
D55: 46 | E55: Sampled clusters | F55: LEnumberSampledClusters | G55: LEnumSampClusters | H55: Integer | I55: DV, O | L55: Number of clusters sampled. Used in 1-stage and 2-stage cluster sampling. When stratified it is number of clusters sampled in each stratum. | M55: Total number of clusters sampled
D56: 47 | E56: Cluster selection probability | F56: LEselectionProbCluster | G56: LEselProbCluster | H56: Decimal(16) | I56: DV, O | J56: 0 - 1 | L56: Used in 1st and 2nd stage cluster sampling. The selection probability of cluster i. | M56: The inclusion probability of the cluster.
D57: 48 | E57: Clusters inclusion probability | F57: LEinclusionProbCluster | G57: LEincProbCluster | H57: Decimal(16) | I57: DV, O | J57: 0 - 1 | L57: Used in 1st and 2nd stage cluster sampling. The inclusion probability of cluster i.
D58: 49 | E58: Sampled | F58: LEsampled | G58: LEsamp | H58: String | I58: DV, M | J58: Code list | K58: YesNoFields //vocab.ices.dk/?ref=316 | L58: Indicating if the unit was sampled: Yes/No. If No no child records are expected.
D59: 50 | E59: Reason for not sampling | F59: LEreasonNotSampled | G59: LEnoSampReason | H59: String | I59: DV, O | J59: Code list | K59: ReasonForNotSampling //vocab.ices.dk/?ref=1641 | L59: Reason for not sampling | M59: Reason for not sampling
D60: 51 | E60: Non-response collected at this level | F60: LEnonResponseCollected | G60: LEnonRespCol | H60: String | I60: DV,O | J60: Code list | K60: YesNoFields //vocab.ices.dk/?ref=316 | L60: Indicate whether non-responses were recorded at this sampling level. | M60: Indicate whether non-responses were recorded at this sampling level.
D61: 52 | E61: Sample of full trip available | F61: LEfullTripAvailable | G61: LEfullTripAva | H61: String | I61: O | J61: Code list | K61: YesNoExtensions //vocab.ices.dk/?ref=1721 | L61: To be able to select sample data which represent a full trip. | M61: Yes, No, unknown
D62: 53 | E62: Auxiliary Variable Total | F62: LEauxiliaryVariableTotal | G62: LEauxVarTot | H62: Decimal(3) | I62: DV, O | L62: The total value of auxiliary variable in the stratum (to be used in, e.g., ratio estimation). Auxiliary variables are 'extra' variables measured in association with the desired variable that might be used to increase precision of the estimate. | M62: The total value of auxiliary variable in the stratum
D63: 54 | E63: Auxiliary Variable Value | F63: LEauxiliaryVariableValue | G63: LEauxVarValue | H63: Decimal(3) | I63: DV, O | L63: The value of auxiliary variable in the sampled unit. Auxiliary variables are 'extra' variables measured in association with the desired variable that might be used to increase precision of the estimate. | M63: The value of auxiliary variable in the sampled unit.
D64: 55 | E64: Auxiliary Variable Name | F64: LEauxiliaryVariableName | G64: LEauxVarName | H64: String | I64: DV, O | J64: Code list | K64: AuxiliaryVariableName | L64: The name of the auxiliary variable. Auxiliary variables are 'extra' variables measured in association with the desired variable that might be used to increase precision of the estimate. | M64: Name of the auxiliary variable
D65: 56 | E65: Auxiliary Variable Unit | F65: LEauxiliaryVariableUnit | G65: LEauxVarUnit | H65: String | I65: DV, O | J65: Code list | K65: MUNIT http://vocab.ices.dk/?codetypeguid=c6aa874e-7477-43e4-af10-547f83b8779f | L65: Auxiliary variable measurement unit (e.g. %, hour, kg) | M65: Auxiliary variable unit
A68: Reference to VD is done through; LEencryptedVesselCode, SDcountry, DEyear

Sheet Species Selection
A1: Hide | B1: PK/FK | C1: Unique combination of fields | D1: Order | E1: Field Name Description | F1: Field Name | G1: R Name | H1: Type | I1: Required | J1: Basic checks | K1: Vocabulary code type | L1: Description | M1: Short Description
A2: Y | B2: PK | D2: Not in format | E2: SpeciesSelectionID | F2: SSid | G2: SSid | H2: Integer | L2: Automatic ID - PK of table. Internal to RDBES. Not to be filled in by users. | M2: Automatic ID - PK of table
A3: Y | B3: FK | C3: Uk1,Uk2 | D3: Not in format | E3: LandingEventId | F3: LEid | G3: LEid | H3: Integer | I3: M/O | L3: Mandatory if LandingEvent is in the hierarchy, otherwise it is optional. Foreign key/link to the LandingEvent table. Internal to RDBES. Not to be filled in by users. | M3: Foreign key/link to the LandingEvent table
A4: Y | B4: FK | C4: Uk1,Uk2 | D4: Not in format | E4: FishingOperationId | F4: FOid | G4: FOid | H4: Integer | I4: M/O | L4: Mandatory if it FishingOperation is in the hierarchy, otherwise it is optional. Foreign key/link to the FishingOperation table. Internal to RDBES. Not to be filled in by users. | M4: Foreign key/link to the FishingOperation table
A5: Y | B5: FK | C5: Uk1,Uk2 | D5: Not in format | E5: FishingTripID | F5: FTid | G5: FTid | H5: Integer | I5: M/O | L5: Mandatory if it FishingTrip is in the hierarchy 6, otherwise it is optional. Foreign key/link to the FishingTrip table. Needed for H6. Internal to RDBES. Not to be filled in by users.
A6: Y | B6: FK | C6: Uk1,Uk2 | D6: Not in format | E6: OnshoreEventsID | F6: OSid | G6: OSid | H6: Integer | I6: M/O | L6: Mandatory if it OnshoreEvents is in the hierarchy 7, otherwise it is optional. Foreign key/link to the OnshoreEvents table. Needed for H7. Internal to RDBES. Not to be filled in by users.
A7: Y | B7: FK | C7: Uk1,Uk2 | D7: Not in format | E7: TemporalEventId | F7: TEid | G7: TEid | H7: Integer | I7: M/O | L7: Mandatory if it 'TemporalEvent is in the hierarchy 9, otherwise it is optional. Foreign key/link to the 'TemporalEvent table. Needed for H9. Internal to RDBES. Not to be filled in by users.
A8: Y | D8: Not in format | E8: SpeciesListNameID | F8: SLid | G8: SLid | H8: Integer | I8: M | L8: Link to a new SpeciesListName table. | M8: Foreign key/link to a new SpeciesListName table
D9: 1 | E9: Record type | F9: SSrecordType | G9: SSrecType | H9: String | I9: M | L9: Fixed value ('SS') | M9: Fixed value ('SS')
C10: Uk2 | D10: 2 | E10: Sequence number | F10: SSsequenceNumber | G10: SSseqNum | H10: Integer | I10: M | L10: Sequential numbering by species selection. The sequence number identify the selections made with in each strata and cluster combination. Preperably representing the order of the selections. | M10: Sequential numbering by species selection. The sequence number identify the selections made with in each strata and cluster combination. Preperably representing the order of the selections.
D11: 3 | E11: Stratification | F11: SSstratification | G11: SSstratification | H11: Y/N | I11: DV, M | J11: Code list | K11: YesNoFields //vocab.ices.dk/?ref=316 | L11: Indicator of presence ("Y") or absence ("N") of stratification of units of that sampling level | M11: Indicator of presence ("Y") or absence ("N") of stratification of units in that level of the sampling hierarchy
D12: 4 | E12: Species selection stratum | F12: SSstratumName | G12: SSstratumName | H12: String | I12: DV, M | L12: Name of stratum ('U' for unstratified). Name should be as concise and meaningful as possible. (e.g. poor visibility, good visibility, fish spp, cefalopods spp, etc.) | M12: Name of stratum ('U' for unstratified)
D13: 5 | E13: Clustering | F13: SSclustering | G13: SSclustering | H13: String | I13: DV, M | J13: Code list | K13: Clustering //vocab.ices.dk/?ref=1603 | L13: Indicator of absence ("No") or presence of one-stage cluster sampling ("1-stage")or two-stage cluster sampling ("2-stage") of units of that sampling level | M13: Indicator existence and type of cluster sampling of units in that level of the sampling hierarchy
D14: 6 | E14: Cluster name | F14: SSclusterName | G14: SSclusterName | H14: String | I14: DV, M | L14: Name or code of the cluster selected for sampling (cluster i) ('U' for unclustered) | M14: Name or code of the cluster selected for sampling
C15: Uk1 | D15: 7 | E15: Observation activity type | F15: SSobservationActivityType | G15: SSobsActTyp | H15: String | I15: DV, M | J15: Code list | K15: ObservationActivityType //vocab.ices.dk/?ref=1629 | L15: Registers the part of the fishing operation that was sampled. Conceptually, fishing operations are considered divided into a SLIPPING stage (Slip), DROP-OUT stage (Drop), a PRESORTING stage (Presort) and a SORTING stage (Sort), etc. Use "Sort" if samples come from landing events or trips sampled onshore. | M15: Slip, Drop, Presort, Sort, Other and NotRecorded
C16: Uk1 | D16: 8 | E16: Catch fraction | F16: SScatchFraction | G16: SScatchFra | H16: String | I16: M | K16: CatchFraction //vocab.ices.dk/?ref=1611 | L16: Registers how the catch is sampled by observers. This is really a strata so e.g., ”Catch” and ”Lan” cannot be provided for the same haul. Population is given by catchReg in upper table options: Catch – observers take a sample from the catch; Must be All in upper table; lower table must start with a catch sample (that sample may eventually be subsampled into land and disc) Lan – row describes samples from the landings. Can be All or Lan in upper table. Lower table starts with Lan Dis – row describes samples from discards. Can be All or Dis in upper table. Lower table starts with Dis Note: If upper All, than both Lan and Dis rows must be declared. | M16: Registers how the catch is sampled by observers. This is really a strata so e.g., ”catch” and ”lan” cannot be provided for the same haul. Population is given by catchReg in upper table
C17: Uk1 | D17: 9 | E17: Observation type | F17: SSobservationType | G17: SSobsTyp | H17: String | I17: DV, M | J17: Code list | K17: ObservationMethod //vocab.ices.dk/?ref=1628 | L17: Registers the type of sampling performed. Codes: Visual (when observers screen the catch visually), Volume (when observers sample a volume, e.g., a box or basket) and Imagery (camera recordings). (before called: SamplingType) | M17: vol = volume, vis = visual.
D18: 10 | E18: Sampler | F18: SSsampler | G18: SSsampler | H18: String | I18: O | J18: Code list | K18: Sampler //vocab.ices.dk/?ref=1639 | L18: Data collected by: Self-sampling, Observer, Control, Electronic Monitoring (EM). In the future potential combinations of e.g. observer and EM. | M18: Self-sampling, Observer, Control, Electronic Monitoring (EM). In the future potential combinations of e.g. observer and EM
D19: 11 | E19: Species list name | F19: SSspeciesListName | G19: SSspecListName | H19: String | I19: M | J19: Table code list | L19: National name of the species list (as in species List Name reference table) | M19: National name of the species list
D20: 12 | E20: Use to calculate zeros | F20: SSuseForCalculateZero | G20: SSuseCalcZero | H20: String | I20: M | J20: Code list | K20: YesNoFields //vocab.ices.dk/?ref=316 | L20: Indicating if the data can be used for calculating zeros 'Yes' or 'No'. E.g. used by Denmark when sampling targeting specific stocks.
D21: 13 | E21: Total time | F21: SStimeTotal | G21: SStimeTotal | H21: Integer | I21: O | L21: Total time of activity in minutes.
D22: 14 | E22: Total time data basis | F22: SStimeTotalDataBasis | G22: SStimeTotalDatBas | H22: String | I22: O | J22: Code list | K22: DataBasis //vocab.ices.dk/?ref=1767 | L22: Data basis of the Time total are specified, using the codes: 'Official', 'Estimated', 'Measured', 'NotKnown' or 'NotApplicable'.
D23: 15 | E23: Sample time | F23: SStimeSampled | G23: SStimeSamp | H23: Integer | I23: O | L23: Sampled/observed time of activity in minutes.
D24: 16 | E24: Total number species | F24: SSnumberTotal | G24: SSnumTotal | H24: Integer | I24: DV, O | L24: Number of species from the list that are present in the strata*fraction | M24: Number of species from the list that are present in the strata*fraction
D25: 17 | E25: Total number species data basis | F25: SSnumberTotalDataBasis | G25: SSnumTotalDatBas | H25: String | I25: O | J25: Code list | K25: DataBasis //vocab.ices.dk/?ref=1767 | L25: Data basis of the Total number species are specified, using the codes: 'Official', 'Estimated', 'Measured', 'NotKnown' or 'NotApplicable'.
D26: 18 | E26: Sampled number species | F26: SSnumberSampled | G26: SSnumSamp | H26: Integer | I26: DV, O | L26: Number of species selected for sampling | M26: Number of species selected for sampling
D27: 19 | E27: Selection probability | F27: SSselectionProb | G27: SSselProb | H27: Decimal(16) | I27: DV, O | J27: 0 - 1 | L27: The selection probability. | M27: Selection probability
D28: 20 | E28: Inclusion probability | F28: SSinclusionProb | G28: SSincProb | H28: Decimal(16) | I28: DV, O | J28: 0 - 1 | L28: The inclusion probability. | M28: Inclusion probability
D29: 21 | E29: Species selection method | F29: SSselectionMethod | G29: SSselectMeth | H29: String | I29: DV, M | J29: Code list | K29: SelectionMethod //vocab.ices.dk/?ref=1637 | L29: The method of selecting species for sampling | M29: The method of selecting species for sampling
D30: 22 | E30: Sampling unit name | F30: SSunitName | G30: SSunitName | H30: String | I30: DV, M | L30: The unique name of this unit. | M30: The unique name of this unit.
D31: 23 | E31: Selection method cluster | F31: SSselectionMethodCluster | G31: SSselectMethCluster | H31: String | I31: DV, O | J31: Code list | K31: SelectionMethod //vocab.ices.dk/?ref=1637 | L31: The method of selecting clusters | M31: The method of selecting clusters
